NOMBRE ESTACION,Moravia,Universidad,Ruta N,Robledo,Campus Nacional,Dian Alpujarra,Distrito Creativo,Plaza de La Libertad,Parque de Las Luces II,Pies Descalzos I,Area Metropolitana,Plaza Mayor,Parque de Las Luces I,Pies Descalzos II,Málaga,Palacé,Museo de Antioquia,San Antonio,Parque Berrio,Palacio de la Cultura,SIU-UdeA,Primer Parque de Laureles,Otra Banda,Parque San Joaquín,Florida Nueva,Cacique Candela,María Mulata,Circular Primera,Batallón,Calle 51 Los Colores,Segundo Parque de Laureles,San Joaquín,Orquídeas,Santa Teresita,La 65,San Pedro y San Pablo,Parque de Los Mangos,Pedro Nel Gómez,Estadio,Suramericana,Colombia,San Juan,UPB,Los Colores,Floresta,Parque de los Enamorados,Salazar y Herrera,Unicentro,Calle 19A Villa Carlota,Politécnico,Telemedellín,Industriales Metro,MAMM,Río Aburrá,Villa Carlota,Ciudad del Río,Industriales Metroplús,Nutibara,Juan Pablo II,Picacha la 76,Parques del río,La 33,Rosales,Maria Luisa Calle,Unidad Deportiva de Belén,Bulerias,Cafetero,Metro Envigado Sur,Metro Envigado Norte,Auxiliar Metro Envigado,La Ultima Estación,Pista de Patinaje,Villas de Vallejuelos,Iglesia Alcalá,Los Urapanes,Parque Débora Arango,Porton de Alcalá,El MUA,Viva Envigado,Guanteros,Envigado Centro,Puente fundadores,Sabaneta Metro,Las Vegas 69 Sur,Santa Ana,Calle Nueva,La Barquereña,Entre amigos,Sabaneta Centro,Aves María,Biblioteca Sabaneta,Parque 4 Elementos,Puente de la 77 Sur,Metro Itaguí I,Metro Itaguí II,Bahía Ciclovia,Ideas,Parque Itaguí,Metróplus Cami,Doña María,Los Naranjos,Villa Paula,Parque el Artista,Puente pan de Queso I,Puente pan de Queso II,Metro Bello,Parque Bello,Paraná,San Cayetano
Moravia,0.0,958.8,1356.9,3328.1,3224.7,3955.2,5175.6,4314.2,3682.6,4348.7,4156.3,4251.4,3624.8,4348.7,3564.2,4780.3,2898.2,3454.9,3126.9,3029.8,1946.7,5867.8,3549.4,5135.1,4919.2,6298.2,5594.8,6048.4,4922.0,4585.1,6263.2,5162.9,4591.6,6424.8,4431.1,5259.6,4831.2,6183.2,4664.0,4046.9,3548.7,5057.8,5519.9,3973.7,5305.9,4050.2,4094.9,5617.2,6791.6,7770.0,6972.8,5480.3,6179.0,5682.6,6572.8,6554.6,5726.4,6022.3,7869.5,7030.5,4649.2,5736.8,6761.4,8537.5,6450.0,5957.4,5819.9,12834.0,12650.0,12900.5,12648.2,12853.1,13103.6,12805.9,12348.9,12575.2,12926.1,12768.8,11800.6,12923.0,12791.3,12397.9,15619.0,15799.4,15678.0,16558.4,15939.3,16360.1,16303.4,16644.4,16292.4,15780.2,16606.4,14168.9,14168.9,13706.1,13481.8,13171.0,13186.1,12796.6,13241.0,12821.0,12089.3,12696.8,12740.4,7061.0,7036.5,15997.5,16440.0
Universidad,0.0,0.0,496.0,3544.3,2409.7,3100.3,4320.7,3506.7,2827.7,3541.3,3301.5,3443.9,2770.0,3541.3,2709.4,3925.5,2043.4,2600.0,2272.1,2174.9,1091.9,5147.0,2742.0,4389.8,4214.9,5577.4,4890.5,5239.8,4618.2,4656.6,5542.4,4347.9,3985.8,5704.0,3726.7,4707.6,4016.2,5462.4,3959.7,3342.6,2885.3,4313.5,4782.3,3312.1,5029.4,3387.9,3433.3,4802.2,5936.7,6915.1,6117.9,4625.4,5324.1,4827.8,5718.0,5699.8,4871.5,5214.8,7054.5,6215.5,3841.7,4929.3,5946.4,7722.5,5642.5,5142.4,5012.5,11979.2,11795.1,12045.7,11793.3,11998.3,12248.8,11951.1,11494.0,11720.3,12071.3,11914.0,10945.7,12068.1,11936.4,11543.1,14811.5,14944.6,14823.1,15703.6,15084.4,15505.3,15448.5,15789.5,15437.6,14925.3,15798.9,13361.4,13361.4,12898.6,12674.3,12363.5,12378.6,11989.1,12433.5,12013.5,11281.8,11889.4,11885.6,7895.0,7870.5,15190.0,15632.6
Ruta N,0.0,0.0,0.0,3561.6,1995.1,2604.4,3824.8,3072.7,2331.8,3107.2,2805.5,3009.8,2274.0,3107.2,2213.4,3429.5,1547.4,2104.1,1776.1,1679.0,595.9,4725.4,2307.9,3968.3,3780.8,5155.9,4456.4,4818.3,4203.6,4242.0,5120.8,3926.4,3571.2,5282.4,3292.6,4293.0,3594.6,5040.9,3525.6,2908.5,2470.7,3891.9,4360.7,2897.5,4614.8,2973.3,3018.7,4380.7,5440.8,6419.2,5622.0,4129.5,4828.2,4331.8,5222.0,5203.8,4375.6,4780.8,6632.9,5793.9,3407.6,4495.2,5524.9,7301.0,5208.5,4720.9,4578.4,11483.2,11299.2,11549.7,11297.3,11502.3,11752.8,11455.1,10998.1,11224.4,11575.3,11418.0,10449.8,11572.2,11440.5,11047.1,14377.4,14448.6,14327.2,15207.6,14588.5,15009.3,14952.6,15293.6,14941.6,14429.4,15328.3,12927.3,12927.3,12464.6,12240.3,11929.5,11944.5,11555.0,11999.5,11579.4,10847.8,11430.7,11389.6,8341.3,8316.9,14756.0,15198.5
Robledo,0.0,0.0,0.0,0.0,2634.5,4574.9,5636.3,4420.4,4317.4,4320.4,4585.7,4357.6,4261.2,4320.4,4352.7,5240.6,4059.6,4273.8,4056.1,4142.5,3881.5,3600.0,2644.4,3696.5,2866.3,3914.8,2995.4,4092.8,1602.6,1265.6,3752.4,4000.0,1606.9,4046.7,3269.4,1940.2,3716.1,3425.6,2669.6,2885.2,2407.7,3119.3,3570.9,1809.5,1986.4,2298.2,1759.3,4525.1,7294.5,8119.9,7322.7,5830.2,6528.9,6032.6,6922.8,6904.5,5722.2,5237.0,6535.9,5233.9,3972.3,4761.7,5427.9,7204.0,5334.5,4613.9,4724.2,12699.3,12599.3,12765.8,12998.1,13203.1,13453.5,13155.8,12698.8,12925.1,13276.1,13118.8,12150.5,13272.9,13141.2,12747.8,15378.4,15735.3,15810.8,16641.2,16107.7,16333.0,16436.1,16777.1,16375.2,15913.0,16365.8,13928.3,13928.3,13465.6,13241.2,12930.4,12945.5,12556.0,13000.4,12580.4,11848.7,12456.3,12559.9,9292.1,9267.6,15757.0,16199.5
Campus Nacional,0.0,0.0,0.0,0.0,0.0,2724.4,3785.9,2570.0,2467.0,2473.8,2735.2,2507.1,2410.8,2473.8,2502.3,3390.2,2209.1,2423.4,2205.7,2292.1,2294.7,2881.7,744.5,2149.0,1933.1,3312.1,2608.7,3062.3,2309.3,2347.7,3277.1,2178.1,1676.8,3438.7,1445.0,2398.7,1891.7,3197.1,1677.9,1060.8,569.3,2071.7,2533.8,1003.2,2720.4,1074.2,1124.3,2725.9,5444.1,6269.5,5472.3,3979.8,4678.5,4182.1,5072.3,5054.1,3871.8,3412.5,4912.5,4066.2,2125.7,2937.3,3804.4,5580.5,3551.9,3000.4,2941.5,10874.9,10774.9,10941.4,11147.7,11352.7,11603.1,11305.4,10848.4,11074.7,11425.6,11268.4,10300.1,11422.5,11290.8,10897.4,13554.0,13910.8,13986.3,14816.8,14283.2,14508.6,14611.7,14952.7,14550.7,14088.5,14541.4,12103.9,12103.9,11641.1,11416.8,11106.0,11121.1,10731.6,11176.0,10756.0,10024.3,10631.8,10735.4,9269.3,9244.9,13932.5,14375.0
Dian Alpujarra,0.0,0.0,0.0,0.0,0.0,0.0,1310.5,549.0,416.8,1139.3,267.9,509.0,411.9,1139.3,697.3,915.3,1068.4,682.0,992.2,1089.1,2216.5,3020.3,2122.8,2257.4,2744.1,3262.3,2918.5,2948.7,4049.5,4094.5,3390.1,2172.8,3709.3,3313.7,1629.3,3574.7,1848.3,3335.7,2618.3,2087.0,2349.5,2183.4,2612.7,2944.5,3873.5,2787.9,3156.9,2038.7,2945.7,3903.5,3106.2,1613.8,2312.4,1816.1,2706.3,2688.1,1859.8,2393.3,4322.0,3595.6,1228.6,1974.3,3283.4,4994.6,2777.1,2479.4,2057.4,8967.5,8783.4,9034.0,8781.6,8986.6,9237.1,8939.4,8482.3,8708.7,9059.6,8902.3,7934.1,9056.5,8924.8,8531.4,11898.2,11932.9,11811.5,12691.9,12072.7,12493.6,12436.8,12777.9,12425.9,11913.7,12812.6,10448.1,10448.1,9985.4,9761.1,9450.3,9465.3,9075.8,9520.3,9100.3,8368.6,8915.0,8873.9,10928.4,10903.9,12276.8,12719.3
Distrito Creativo,0.0,0.0,0.0,0.0,0.0,0.0,0.0,1352.8,1611.5,1956.5,1256.4,1269.0,1606.6,1956.5,1768.2,417.4,2261.8,1744.1,2050.2,2145.5,3401.2,3389.5,3174.3,2762.6,3640.8,3383.2,3815.2,3069.7,5042.0,5100.5,3511.0,2429.1,4715.3,3434.7,2526.0,4471.4,2333.3,3574.5,3515.0,2983.7,3358.1,3066.2,2845.2,3950.5,4770.2,3684.6,4162.8,2159.7,1864.4,3061.1,2169.2,736.7,1470.1,950.1,1863.9,1830.9,1017.5,1590.9,3566.3,3484.4,1736.1,2095.2,2548.9,4239.0,2152.7,2600.4,2178.4,8125.1,7941.1,8191.6,7939.3,8144.3,8394.7,8097.0,7640.0,7866.3,8217.2,8060.0,7091.7,8214.1,8082.4,7689.0,11055.9,11090.5,10969.1,11849.5,11230.4,11651.2,11594.5,11935.5,11583.5,11071.3,11970.2,9605.8,9605.8,9143.0,8918.7,8607.9,8623.0,8233.5,8677.9,8257.9,7526.2,8072.6,8031.6,12108.6,12084.1,11434.4,11876.9
Plaza de La Libertad,0.0,0.0,0.0,0.0,0.0,0.0,0.0,0.0,554.7,916.1,194.4,389.0,612.4,916.1,934.3,1097.7,1305.4,919.0,1229.2,1326.1,2453.5,2886.3,2028.8,2123.2,2623.8,3149.8,2798.2,2836.2,3955.6,4000.6,3277.6,2052.8,3615.4,3201.2,1509.0,3454.4,1728.4,3201.7,2498.0,1966.7,2255.6,2049.2,2492.7,2850.6,3753.2,2667.6,3062.9,1926.3,3129.1,4069.1,3271.9,1779.4,2478.1,1981.7,2871.9,2853.7,2025.5,2335.5,4209.5,3483.1,1108.6,1861.8,3170.9,4882.1,2664.6,2366.9,1944.9,9133.1,8949.1,9199.6,8947.3,9152.3,9402.7,9105.0,8648.0,8874.3,9225.2,9068.0,8099.7,9222.1,9090.4,8697.0,12063.9,12098.5,11977.1,12857.6,12238.4,12659.2,12602.5,12943.5,12591.5,12079.3,12978.2,10613.8,10613.8,10151.0,9926.7,9615.9,9631.0,9241.5,9685.9,9265.9,8534.2,9080.6,9039.6,11021.4,10996.9,12442.4,12884.9
Parque de Las Luces II,0.0,0.0,0.0,0.0,0.0,0.0,0.0,0.0,0.0,1004.1,635.6,848.7,57.7,1004.1,448.7,1259.7,817.1,433.4,743.6,840.5,1965.2,2805.3,1796.1,2042.5,2529.2,3235.8,2703.6,2917.6,3722.9,3767.9,3200.8,2025.7,3382.7,3362.4,1414.4,3359.8,1693.9,3120.8,2403.4,1872.1,2022.9,1968.5,2434.9,2617.9,3658.6,2468.1,2830.2,2364.1,3270.9,4249.3,3452.1,1959.6,2658.3,2161.9,3052.1,3033.9,2205.7,2656.0,4628.5,3893.2,1297.0,2321.4,3611.1,5301.2,3083.7,2820.2,2404.6,9313.3,9129.3,9379.8,9127.5,9332.5,9582.9,9285.2,8828.2,9054.5,9405.4,9248.2,8279.9,9402.3,9270.6,8877.2,12244.1,12278.7,12157.3,13037.7,12418.6,12839.4,12782.7,13123.7,12771.7,12259.5,13158.4,10794.0,10794.0,10331.2,10106.9,9796.1,9811.2,9421.7,9866.1,9446.1,8714.4,9260.8,9219.8,10677.1,10652.6,12622.6,13065.1
Pies Descalzos I,0.0,0.0,0.0,0.0,0.0,0.0,0.0,0.0,0.0,0.0,794.5,540.5,797.1,,1178.2,1451.5,1538.5,1162.9,1473.0,1570.0,2623.6,2555.7,1940.0,1792.7,2293.3,2986.2,2467.7,2667.8,3694.5,3753.0,2951.2,1775.9,3367.8,3112.8,1178.5,3123.9,1444.1,2871.2,2167.5,1636.2,2010.7,1718.7,2185.1,2603.0,3422.7,2337.1,2815.3,1940.8,3505.4,4330.8,3533.5,2041.1,2739.7,2243.4,3133.6,3115.4,2060.7,2339.3,4311.9,3597.5,873.7,2016.8,3285.3,4984.5,2767.0,2481.3,2098.9,9256.9,9103.0,9323.5,9208.9,9413.9,9664.4,9366.7,8909.7,9136.0,9486.9,9329.6,8361.4,9483.8,9352.1,8958.7,11936.0,12292.9,12238.8,13119.2,12500.0,12890.6,12864.2,13205.2,12853.2,12341.0,12923.4,10485.9,10485.9,10023.2,9798.8,9488.0,9503.1,9113.6,9558.1,9138.0,8406.3,9013.9,9117.5,10932.5,10908.0,12314.6,12757.1
Area Metropolitana,0.0,0.0,0.0,0.0,0.0,0.0,0.0,0.0,0.0,0.0,0.0,254.0,613.1,941.5,898.5,908.2,1269.6,883.2,1193.4,1290.3,2417.7,2849.6,2131.6,2007.9,2738.3,3012.9,2912.7,2699.4,4058.4,4103.4,3140.7,1917.8,3718.2,3064.4,1623.5,3568.9,1593.4,3177.3,2612.5,2081.2,2358.4,2163.7,2357.7,2953.4,3867.7,2782.1,3165.7,1789.4,2938.6,3896.4,3099.1,1606.7,2305.3,1809.0,2699.2,2681.0,1852.7,2198.6,4072.6,3346.2,973.6,1724.9,3034.1,4745.3,2527.8,2230.1,1808.1,8960.4,8776.3,9026.9,8774.5,8979.5,9230.0,8932.3,8475.2,8701.6,9052.5,8895.2,7927.0,9049.4,8917.7,8524.3,11891.2,11925.8,11804.4,12684.8,12065.6,12486.5,12429.8,12770.8,12418.8,11906.6,12805.5,10441.0,10441.0,9978.3,9754.0,9443.2,9458.2,9068.8,9513.2,9093.2,8361.5,8907.9,8866.8,11124.2,11099.7,12269.7,12712.2
Plaza Mayor,0.0,0.0,0.0,0.0,0.0,0.0,0.0,0.0,0.0,0.0,0.0,0.0,849.3,687.5,1152.5,925.2,1523.6,1137.2,1447.4,1544.3,2671.7,2614.8,2049.4,1773.0,2484.3,2798.7,2658.7,2485.1,3885.6,3944.0,2926.5,1682.9,3558.8,2850.1,1369.5,3314.9,1358.5,2942.5,2358.5,1827.2,2201.7,1909.7,2122.8,2794.0,3613.7,2528.1,3006.4,1569.3,2979.1,3804.5,3007.3,1514.8,2213.5,1717.2,2607.3,2589.1,1760.9,1984.4,3858.4,3132.0,738.7,1510.7,2819.8,4531.0,2313.5,2015.8,1593.8,8868.5,8684.5,8935.0,8682.7,8887.7,9138.1,8840.4,8383.4,8609.7,8960.6,8803.4,7835.1,8957.5,8825.8,8432.4,11799.3,11833.9,11712.5,12593.0,11973.8,12394.7,12337.9,12678.9,12326.9,11814.7,12713.6,10349.2,10349.2,9886.4,9662.1,9351.3,9366.4,8976.9,9421.3,9001.3,8269.6,8816.0,8775.0,11042.0,11017.5,12177.8,12620.4
Parque de Las Luces I,0.0,0.0,0.0,0.0,0.0,0.0,0.0,0.0,0.0,0.0,0.0,0.0,0.0,1061.8,391.0,1254.8,759.3,375.7,685.9,782.8,1907.5,2863.0,1740.0,2100.1,2586.9,3293.5,2761.3,2975.3,3666.8,3711.8,3258.4,2083.4,3326.6,3420.1,1472.1,3417.5,1751.6,3178.5,2461.0,1929.8,1966.8,2026.1,2492.6,2561.8,3716.3,2411.9,2774.1,2401.6,3266.0,4244.4,3447.2,1954.7,2653.4,2157.1,3047.3,3029.1,2200.8,2713.7,4684.8,3950.9,1354.7,2337.1,3646.3,5357.5,3140.0,2842.3,2420.3,9308.4,9124.4,9375.0,9122.6,9327.6,9578.1,9280.4,8823.3,9049.6,9400.6,9243.3,8275.0,9397.4,9265.7,8872.4,12239.2,12273.9,12152.4,13032.9,12413.7,12834.6,12777.8,13118.8,12766.9,12254.6,13153.5,10789.1,10789.1,10326.3,10102.0,9791.2,9806.3,9416.8,9861.2,9441.2,8709.5,9255.9,9214.9,10619.3,10594.8,12617.7,13060.3
Pies Descalzos II,0.0,0.0,0.0,0.0,0.0,0.0,0.0,0.0,0.0,0.0,0.0,0.0,0.0,0.0,1178.2,1451.5,1538.5,1162.9,1473.0,1570.0,2623.6,2555.7,1940.0,1792.7,2293.3,2986.2,2467.7,2667.8,3694.5,3753.0,2951.2,1775.9,3367.8,3112.8,1178.5,3123.9,1444.1,2871.2,2167.5,1636.2,2010.7,1718.7,2185.1,2603.0,3422.7,2337.1,2815.3,1940.8,3505.4,4330.8,3533.5,2041.1,2739.7,2243.4,3133.6,3115.4,2060.7,2339.3,4311.9,3597.5,873.7,2016.8,3285.3,4984.5,2767.0,2481.3,2098.9,9256.9,9103.0,9323.5,9208.9,9413.9,9664.4,9366.7,8909.7,9136.0,9486.9,9329.6,8361.4,9483.8,9352.1,8958.7,11936.0,12292.9,12238.8,13119.2,12500.0,12890.6,12864.2,13205.2,12853.2,12341.0,12923.4,10485.9,10485.9,10023.2,9798.8,9488.0,9503.1,9113.6,9558.1,9138.0,8406.3,9013.9,9117.5,10932.5,10908.0,12314.6,12757.1
Málaga,0.0,0.0,0.0,0.0,0.0,0.0,0.0,0.0,0.0,0.0,0.0,0.0,0.0,0.0,0.0,1404.2,691.3,152.1,462.3,559.2,1863.9,3252.0,1771.4,2489.1,2975.9,3682.5,3150.2,3364.2,3698.2,3743.1,3647.4,2472.4,3357.9,3809.0,1861.1,3785.6,2140.6,3567.5,2850.0,2318.8,1998.1,2415.1,2881.6,2593.2,4096.5,2443.3,2805.5,2668.4,3396.3,4403.9,3606.7,2114.2,2812.9,2316.6,3206.7,3188.5,2360.3,2893.7,4869.2,4225.2,1737.8,2603.9,3851.8,5541.9,3406.8,3109.1,2687.1,9467.9,9283.9,9534.4,9282.1,9487.1,9737.5,9439.8,8982.8,9209.1,9560.0,9402.8,8434.5,9556.9,9425.2,9031.8,12398.7,12433.3,12311.9,13192.4,12573.2,12994.1,12937.3,13278.3,12926.3,12414.1,13313.0,10948.6,10948.6,10485.8,10261.5,9950.7,9965.8,9576.3,10020.7,9600.7,8869.0,9415.4,9374.4,10575.7,10551.2,12777.2,13219.7
Palacé,0.0,0.0,0.0,0.0,0.0,0.0,0.0,0.0,0.0,0.0,0.0,0.0,0.0,0.0,0.0,0.0,1964.0,1441.3,1757.2,1852.6,3108.3,3163.1,2900.1,2536.3,3469.4,3156.9,3610.9,2843.3,4826.9,4871.9,3284.7,2202.7,4486.7,3208.3,2364.3,4309.8,2107.0,3348.2,3353.3,2822.1,3126.9,2866.6,2618.9,3721.9,4604.9,3522.9,3934.2,1933.3,2229.0,3065.4,2268.2,775.7,1474.4,978.1,1868.3,1850.1,1021.8,1555.3,3530.7,3448.8,1508.7,1868.9,2513.3,4203.4,2117.1,2374.0,1952.0,8129.4,7945.4,8196.0,7943.6,8148.6,8399.0,8101.4,7644.3,7870.6,8221.6,8064.3,7096.0,8218.4,8086.7,7693.4,11060.2,11094.9,10973.4,11853.9,11234.7,11655.6,11598.8,11939.8,11587.9,11075.6,11974.5,9610.1,9610.1,9147.3,8923.0,8612.2,8627.3,8237.8,8682.2,8262.2,7530.5,8076.9,8035.9,11815.6,11791.2,11438.7,11881.3
Museo de Antioquia,0.0,0.0,0.0,0.0,0.0,0.0,0.0,0.0,0.0,0.0,0.0,0.0,0.0,0.0,0.0,0.0,0.0,565.6,229.2,132.1,1177.3,3591.7,1423.5,2833.4,2896.4,4022.2,3490.0,3708.5,3350.2,3395.2,3987.2,2816.6,3010.0,4148.8,2200.8,3437.7,2484.8,3907.2,2641.2,2024.1,1650.2,2758.3,3225.8,2245.3,3748.6,2095.4,2457.6,3058.1,3915.0,4900.9,4103.7,2611.2,3309.9,2813.6,3703.8,3685.6,2857.3,3390.8,5341.3,4614.9,2103.9,2993.6,4302.8,6014.0,3796.5,3498.8,3076.8,9965.0,9780.9,10031.5,9779.1,9984.1,10234.6,9936.9,9479.8,9706.1,10057.1,9899.8,8931.5,10053.9,9922.2,9528.9,12895.7,12930.4,12808.9,13689.4,13070.2,13491.1,13434.3,13775.3,13423.4,12911.1,13810.0,11445.6,11445.6,10982.9,10758.5,10447.7,10462.8,10073.3,10517.8,10097.7,9366.0,9912.4,9871.4,9889.1,9864.7,13274.3,13716.8
San Antonio,0.0,0.0,0.0,0.0,0.0,0.0,0.0,0.0,0.0,0.0,0.0,0.0,0.0,0.0,0.0,0.0,0.0,0.0,320.8,417.7,1722.3,3254.5,1630.2,2496.1,2978.4,3684.9,3152.7,3371.3,3557.0,3602.0,3649.9,2479.4,3216.7,3811.5,1863.5,3644.4,2147.6,3569.9,2847.9,2230.8,1857.0,2421.0,2888.6,2452.0,3955.3,2302.1,2664.3,2685.0,3401.4,4420.5,3623.3,2130.8,2829.5,2333.2,3223.4,3205.1,2376.9,2910.4,4885.8,4241.8,1754.4,2620.5,3868.4,5558.5,3423.4,3125.7,2703.7,9484.5,9300.5,9551.0,9298.7,9503.7,9754.1,9456.5,8999.4,9225.7,9576.7,9419.4,8451.1,9573.5,9441.8,9048.5,12415.3,12449.9,12328.5,13209.0,12589.8,13010.7,12953.9,13294.9,12943.0,12430.7,13329.6,10965.2,10965.2,10502.4,10278.1,9967.3,9982.4,9592.9,10037.3,9617.3,8885.6,9432.0,9391.0,10434.2,10409.7,12793.8,13236.4
Parque Berrio,0.0,0.0,0.0,0.0,0.0,0.0,0.0,0.0,0.0,0.0,0.0,0.0,0.0,0.0,0.0,0.0,0.0,0.0,0.0,97.2,1406.0,3531.4,1415.4,2773.0,2888.3,3961.8,3429.6,3648.2,3342.2,3387.2,3926.8,2756.3,3001.9,4088.4,2140.4,3429.6,2424.5,3846.9,2633.1,2016.0,1642.2,2697.9,3165.5,2237.2,3740.5,2087.3,2449.5,2963.3,3687.6,4698.8,3901.6,2409.1,3107.8,2611.4,3501.6,3483.4,2655.2,3188.6,5164.1,4520.1,2032.7,2898.8,4146.7,5836.7,3701.7,3404.0,2982.0,9762.8,9578.8,9829.3,9576.9,9781.9,10032.4,9734.7,9277.7,9504.0,9854.9,9697.6,8729.4,9851.8,9720.1,9326.7,12693.6,12728.2,12606.8,13487.2,12868.1,13288.9,13232.2,13573.2,13221.2,12709.0,13607.9,11243.5,11243.5,10780.7,10556.4,10245.6,10260.7,9871.2,10315.6,9895.6,9163.9,9710.3,9669.2,10117.9,10093.4,13072.1,13514.6
Palacio de la Cultura,0.0,0.0,0.0,0.0,0.0,0.0,0.0,0.0,0.0,0.0,0.0,0.0,0.0,0.0,0.0,0.0,0.0,0.0,0.0,0.0,1308.8,3628.3,1491.5,2870.0,2964.5,4058.8,3526.6,3745.1,3418.3,3463.3,4023.7,2853.2,3078.1,4185.4,2237.4,3505.7,2521.4,3943.8,2709.2,2092.1,1718.3,2794.9,3262.4,2313.3,3816.7,2163.4,2525.6,3060.2,3782.9,4795.7,3998.5,2506.0,3204.7,2708.4,3598.6,3580.3,2752.1,3285.6,5261.0,4617.0,2129.6,2995.7,4243.6,5933.7,3798.6,3500.9,3078.9,9859.7,9675.7,9926.2,9673.9,9878.9,10129.3,9831.7,9374.6,9600.9,9951.9,9794.6,8826.3,9948.7,9817.0,9423.7,12790.5,12825.1,12703.7,13584.2,12965.0,13385.9,13329.1,13670.1,13318.2,12805.9,13704.8,11340.4,11340.4,10877.6,10653.3,10342.5,10357.6,9968.1,10412.5,9992.5,9260.8,9807.2,9766.2,10020.7,9996.2,13169.0,13611.6
SIU-UdeA,0.0,0.0,0.0,0.0,0.0,0.0,0.0,0.0,0.0,0.0,0.0,0.0,0.0,0.0,0.0,0.0,0.0,0.0,0.0,0.0,0.0,4296.3,1874.9,3558.8,3347.8,4726.8,4023.4,4433.9,3801.6,3846.6,4691.8,3542.0,3461.4,4853.4,2859.6,3889.0,3210.2,4611.8,3092.5,2475.5,2101.6,3483.6,3948.5,2696.6,4200.0,2546.8,2909.0,3980.9,4845.3,5823.7,5026.5,3534.0,4232.7,3736.4,4626.6,4608.4,3780.1,4313.6,6248.5,5409.5,2974.6,3916.4,5140.5,6916.6,4719.3,4336.5,3999.6,10887.8,10703.7,10954.3,10701.9,10906.9,11157.4,10859.7,10402.6,10628.9,10979.9,10822.6,9854.3,10976.7,10845.0,10451.7,13818.5,13853.2,13731.8,14612.2,13993.0,14413.9,14357.1,14698.1,14346.2,13833.9,14732.8,12368.4,12368.4,11905.7,11681.3,11370.5,11385.6,10996.1,11440.6,11020.5,10288.8,10835.2,10794.2,8947.0,8922.5,14197.1,14639.6
Primer Parque de Laureles,0.0,0.0,0.0,0.0,0.0,0.0,0.0,0.0,0.0,0.0,0.0,0.0,0.0,0.0,0.0,0.0,0.0,0.0,0.0,0.0,0.0,0.0,2507.3,876.0,1068.9,493.0,657.5,624.9,2244.9,2427.0,447.6,992.5,2326.7,687.7,1467.6,1658.9,1278.2,442.0,1357.8,1856.5,2315.7,866.8,600.7,2210.8,1891.6,1996.7,2262.8,1352.3,5011.1,5510.4,5062.4,3640.1,4268.6,3772.3,4662.5,4644.2,3290.1,2579.8,3084.8,2075.6,1902.0,2104.6,1976.7,3752.8,2049.2,1162.8,1443.8,9596.4,9496.4,9662.9,10055.8,10260.8,10517.1,10213.6,9871.9,10071.6,10520.3,10363.1,9292.5,10517.2,10385.5,9864.2,12275.5,12632.3,12707.8,13538.2,13004.7,13230.1,13333.2,13674.2,13272.2,12810.0,13262.9,10825.3,10825.3,10362.6,10138.3,9827.5,9842.5,9453.1,9897.5,9477.5,8745.8,9353.3,9456.9,11851.2,11826.7,12654.0,13096.5
Otra Banda,0.0,0.0,0.0,0.0,0.0,0.0,0.0,0.0,0.0,0.0,0.0,0.0,0.0,0.0,0.0,0.0,0.0,0.0,0.0,0.0,0.0,0.0,0.0,1767.7,1551.9,2930.9,2227.5,2681.1,2003.8,2048.8,2895.9,1796.8,1630.8,3057.5,1063.7,2091.2,1510.4,2815.9,1296.6,679.6,258.9,1690.4,2152.6,866.1,2402.1,748.9,1078.4,2299.9,4712.3,5537.7,4740.5,3248.0,3946.7,3450.3,4340.5,4322.3,3139.4,2986.5,4531.2,3684.9,1470.2,2511.2,3423.1,5199.2,3170.6,2619.1,2560.3,10234.4,10045.3,10300.9,10415.9,10620.8,10871.3,10573.6,10116.6,10342.9,10693.8,10536.5,9568.3,10690.7,10559.0,10165.6,13127.9,13484.8,13445.7,14326.1,13707.0,14082.5,14071.1,14412.1,14060.1,13547.9,14115.3,11677.8,11677.8,11215.1,10990.8,10680.0,10695.0,10305.5,10750.0,10329.9,9598.2,10133.1,10092.1,9736.9,9712.5,13506.5,13949.0
Parque San Joaquín,0.0,0.0,0.0,0.0,0.0,0.0,0.0,0.0,0.0,0.0,0.0,0.0,0.0,0.0,0.0,0.0,0.0,0.0,0.0,0.0,0.0,0.0,0.0,0.0,1185.2,1305.5,1326.7,917.2,2622.6,2797.3,1309.1,363.0,2643.7,1432.1,707.1,2036.6,460.1,1304.0,1101.7,1219.9,1599.0,582.4,392.5,1929.2,2320.7,1467.7,1996.3,917.0,4401.7,5188.7,4453.0,3030.7,3659.2,3162.8,4053.0,4034.8,2680.7,1970.4,3093.0,2246.0,1084.0,1495.2,1984.9,3761.0,1732.4,1180.9,1122.1,9274.7,9174.7,9341.2,9734.1,9939.1,10195.4,9891.9,9550.2,9749.8,10198.6,,8970.8,10195.5,10063.8,9542.5,11953.8,12310.6,12386.1,13216.5,12683.0,12908.3,13011.5,13352.5,12950.5,12488.3,12941.2,10503.6,10503.6,10040.9,9816.6,9505.8,9520.8,9131.4,9575.8,9155.8,8424.1,9031.6,9135.2,11134.4,11110.0,12332.3,12774.8
Florida Nueva,0.0,0.0,0.0,0.0,0.0,0.0,0.0,0.0,0.0,0.0,0.0,0.0,0.0,0.0,0.0,0.0,0.0,0.0,0.0,0.0,0.0,0.0,0.0,0.0,0.0,1480.7,717.6,1412.9,1496.1,1678.2,1435.3,1444.2,1577.9,1675.4,1157.7,910.1,1458.4,1333.9,339.0,878.1,1337.2,637.5,1015.1,1204.3,1194.3,1018.2,1239.3,1969.3,5211.9,6058.7,5263.1,3849.4,4469.3,3973.0,4863.2,4845.0,3615.2,3005.6,3856.1,2898.6,1845.1,2530.3,2748.0,4524.1,2778.7,1934.0,2168.4,10321.0,10221.0,10387.5,10780.4,10985.4,11241.7,10938.2,10596.5,10796.1,11214.8,11057.5,10017.1,11211.7,11080.0,10588.8,13000.1,13356.9,13432.4,14262.8,13729.3,13954.6,14057.8,14398.8,13996.8,13534.6,13987.5,11549.9,11549.9,11087.2,10862.9,10552.1,10567.1,10177.7,10622.1,10202.1,9470.4,10077.9,10181.5,10872.7,10848.2,13378.6,13821.1
Cacique Candela,0.0,0.0,0.0,0.0,0.0,0.0,0.0,0.0,0.0,0.0,0.0,0.0,0.0,0.0,0.0,0.0,0.0,0.0,0.0,0.0,0.0,0.0,0.0,0.0,0.0,0.0,970.6,864.4,2558.1,2740.1,340.4,1256.1,2639.8,496.6,1731.1,1972.1,1541.7,441.2,1621.4,2120.1,2579.3,1130.3,864.2,2474.4,2038.7,2260.2,2526.4,1224.4,4912.2,5379.6,4963.5,3541.2,4169.7,3673.4,4563.6,4545.3,3181.4,2460.2,2905.2,1869.7,2165.6,2005.7,1797.2,3573.3,1869.7,983.2,1315.9,9465.6,9365.6,9532.1,9925.0,10130.0,10386.3,10082.8,9741.1,9940.8,10389.5,10232.3,9161.7,10386.5,10254.7,9733.4,12144.7,12501.5,12577.0,13407.4,12873.9,13099.3,13202.4,13543.4,13141.4,12679.2,13132.1,10694.5,10694.5,10231.8,10007.5,9696.7,9711.7,9322.3,9766.7,9346.7,8615.0,9222.5,9326.1,12114.7,12090.2,12523.2,12965.7
María Mulata,0.0,0.0,0.0,0.0,0.0,0.0,0.0,0.0,0.0,0.0,0.0,0.0,0.0,0.0,0.0,0.0,0.0,0.0,0.0,0.0,0.0,0.0,0.0,0.0,0.0,0.0,0.0,1278.8,1779.3,1961.3,1010.0,1583.2,1861.0,1250.1,1354.4,1193.3,1597.4,744.6,984.0,1523.1,1982.2,776.5,1154.1,1789.1,1386.0,1663.2,1820.8,2006.1,5362.9,6164.3,5414.1,4000.4,4620.3,4124.0,5014.2,4996.0,3766.2,3144.6,3738.7,2552.9,1996.1,2669.3,2630.6,4406.7,2703.1,1816.6,2097.7,10250.3,10150.3,10316.8,10709.7,10914.7,11171.0,10867.4,10525.8,10725.4,11174.2,11017.0,9946.4,11171.1,11039.4,10518.1,12929.3,13286.2,13361.7,14192.1,13658.6,13883.9,13987.0,14328.1,13926.1,13463.9,13916.7,11479.2,11479.2,11016.5,10792.1,10481.4,10496.4,10106.9,10551.4,10131.3,9399.6,10007.2,10110.8,11517.7,11493.2,13307.9,13750.4
Circular Primera,0.0,0.0,0.0,0.0,0.0,0.0,0.0,0.0,0.0,0.0,0.0,0.0,0.0,0.0,0.0,0.0,0.0,0.0,0.0,0.0,0.0,0.0,0.0,0.0,0.0,0.0,0.0,0.0,2686.0,2868.0,718.3,935.0,2767.8,705.4,1606.8,2100.0,1266.7,777.3,1562.2,2029.6,2488.8,1069.9,629.5,2415.1,2380.8,2173.0,2476.4,748.1,4435.9,4906.2,4487.2,3064.9,3693.4,3197.1,4087.3,4069.1,2705.2,1983.9,2480.6,1523.1,1840.8,1529.4,1372.5,3148.6,1445.0,558.6,839.6,8992.2,8892.2,9058.7,9451.6,9656.6,9912.9,9609.4,9267.8,9467.4,9916.2,9758.9,8688.3,9913.1,9781.4,9260.0,11671.3,12028.1,12103.6,12934.1,12400.5,12625.9,12729.0,13070.0,12668.0,12205.8,12658.7,10221.2,10221.2,9758.4,9534.1,9223.3,9238.3,8848.9,9293.3,8873.3,8141.6,8749.1,8852.7,12024.2,11999.7,12049.8,12492.3
Batallón,0.0,0.0,0.0,0.0,0.0,0.0,0.0,0.0,0.0,0.0,0.0,0.0,0.0,0.0,0.0,0.0,0.0,0.0,0.0,0.0,0.0,0.0,0.0,0.0,0.0,0.0,0.0,0.0,0.0,340.3,2285.3,2879.5,916.0,2579.6,2524.6,598.8,2893.8,1958.5,1590.3,2140.4,1777.0,2072.9,2450.5,1369.0,567.5,1387.0,1232.0,3404.7,6578.8,7414.7,6617.5,5125.0,5823.7,5327.4,6217.6,6199.3,4982.1,4440.9,5144.6,3766.9,3212.0,3965.7,4036.5,5812.6,4109.0,3222.6,3525.3,11677.9,11577.9,11744.4,12137.3,12342.3,12598.6,12295.0,11953.4,12153.0,12570.9,12413.6,11374.0,12567.7,12436.0,11945.7,14356.9,14713.8,14789.3,15619.7,15086.2,15311.5,15414.7,15755.7,15353.7,14891.5,15344.3,12906.8,12906.8,12444.1,12219.8,11909.0,11924.0,11534.5,11979.0,11558.9,10827.3,11434.8,11538.4,10894.6,10870.1,14735.5,15178.0
Calle 51 Los Colores,0.0,0.0,0.0,0.0,0.0,0.0,0.0,0.0,0.0,0.0,0.0,0.0,0.0,0.0,0.0,0.0,0.0,0.0,0.0,0.0,0.0,0.0,0.0,0.0,0.0,0.0,0.0,0.0,0.0,0.0,2591.2,3088.7,953.1,2885.5,2598.4,779.0,3045.1,2264.4,1765.8,2214.2,1830.0,2248.1,2659.7,1406.1,724.1,1460.7,1269.1,3613.8,6659.0,7484.4,6687.1,5194.7,5893.3,5397.0,6287.2,6269.0,5071.6,4565.9,5450.5,4072.7,3301.5,4090.7,4342.4,6118.5,4414.9,3528.4,3812.9,11964.5,11864.5,12031.0,12362.5,12567.5,12818.0,12520.3,12063.2,12289.5,12640.5,12483.2,11514.9,12637.4,12505.7,12112.3,14643.6,15000.5,15075.9,15906.4,15372.8,15598.2,15701.3,16042.3,15640.4,15178.1,15631.0,13193.5,13193.5,12730.7,12506.4,12195.6,12210.7,11821.2,12265.6,11845.6,11113.9,11721.4,11825.0,10557.7,10533.2,15022.1,15464.7
Segundo Parque de Laureles,0.0,0.0,0.0,0.0,0.0,0.0,0.0,0.0,0.0,0.0,0.0,0.0,0.0,0.0,0.0,0.0,0.0,0.0,0.0,0.0,0.0,0.0,0.0,0.0,0.0,0.0,0.0,0.0,0.0,0.0,0.0,1425.6,2662.0,413.1,1900.6,1917.5,1711.2,289.8,1712.5,2251.5,2710.7,1288.8,1033.7,2577.8,1887.3,2391.7,2612.8,1491.9,5179.7,5647.6,5231.0,3808.7,4437.2,3940.9,4831.1,4812.8,3448.9,2727.7,3173.2,1766.6,2335.1,2273.2,2065.2,3841.3,2137.7,1251.2,1583.4,9733.6,9633.6,9800.1,10193.0,10398.0,10654.3,10350.8,10009.2,10208.8,10657.5,10500.3,9429.7,10654.5,10522.7,10001.4,12412.7,12769.5,12845.0,13675.4,13141.9,13367.3,13470.4,13811.4,13409.4,12947.2,13400.1,10962.6,10962.6,10499.8,10275.5,9964.7,9979.7,9590.3,10034.7,9614.7,8883.0,9490.5,9594.1,12246.2,12221.7,12791.2,13233.7
San Joaquín,0.0,0.0,0.0,0.0,0.0,0.0,0.0,0.0,0.0,0.0,0.0,0.0,0.0,0.0,0.0,0.0,0.0,0.0,0.0,0.0,0.0,0.0,0.0,0.0,0.0,0.0,0.0,0.0,0.0,0.0,0.0,0.0,2944.4,1541.6,733.1,2312.4,331.8,1413.5,1402.4,1245.8,1624.9,883.0,446.5,2217.3,2596.5,1845.5,2297.0,559.1,4048.6,4830.8,4099.9,2677.5,3306.1,2809.7,3699.9,3681.7,2327.6,1617.3,2735.1,1888.1,951.3,1142.1,1627.0,3403.1,1374.5,823.0,764.2,8916.8,8816.8,8983.3,9376.2,9581.2,9837.5,9533.9,9192.3,9391.9,9840.7,9683.5,8612.9,9837.6,9705.9,9184.6,11595.8,11952.7,12028.2,12858.6,12325.1,12550.4,12653.6,12994.6,12592.6,12130.4,12583.3,10145.7,10145.7,9683.0,9458.7,9147.9,9162.9,8773.4,9217.9,8797.9,8066.2,8673.7,8777.3,11152.3,11127.9,11974.4,12416.9
Orquídeas,0.0,0.0,0.0,0.0,0.0,0.0,0.0,0.0,0.0,0.0,0.0,0.0,0.0,0.0,0.0,0.0,0.0,0.0,0.0,0.0,0.0,0.0,0.0,0.0,0.0,0.0,0.0,0.0,0.0,0.0,0.0,0.0,0.0,3079.1,2080.5,1125.1,2527.2,2641.6,1458.6,1696.3,1218.8,1908.3,2359.9,611.1,1479.5,1087.2,505.3,3314.1,6105.6,6931.0,6133.8,4641.3,5340.0,4843.7,5733.8,5715.6,4533.3,4048.1,5324.9,4367.4,2783.4,3572.8,4216.9,5993.0,4123.5,3402.9,3513.2,11510.4,11410.4,11576.9,11809.2,12014.2,12264.6,11966.9,11509.9,11736.2,12087.1,11929.9,10961.6,12084.0,11952.3,11558.9,14189.5,14546.4,14621.9,15452.3,14918.8,15144.1,15247.2,15588.2,15186.3,14724.0,15176.9,12739.4,12739.4,12276.6,12052.3,11741.5,11756.6,11367.1,11811.5,11391.5,10659.8,11267.4,11371.0,10471.7,10447.3,14568.0,15010.6
Santa Teresita,0.0,0.0,0.0,0.0,0.0,0.0,0.0,0.0,0.0,0.0,0.0,0.0,0.0,0.0,0.0,0.0,0.0,0.0,0.0,0.0,0.0,0.0,0.0,0.0,0.0,0.0,0.0,0.0,0.0,0.0,0.0,0.0,0.0,0.0,2072.4,2255.8,1873.6,628.0,1962.7,2461.4,2920.6,1471.6,1178.7,2815.7,2222.7,2601.5,2867.7,1335.8,5023.6,5445.1,5074.9,3652.6,4281.1,3784.8,4675.0,4656.7,3257.5,2531.2,2804.8,1409.0,2428.5,2117.1,1682.7,3466.2,1935.2,1048.7,1424.5,9402.4,9302.4,9468.9,9861.8,10066.8,10323.1,10019.6,9677.9,9877.5,10326.3,10169.1,9098.5,10323.2,10191.5,9670.2,12081.5,12438.3,12513.8,13344.2,12810.7,13036.0,13139.2,13480.2,13078.2,12616.0,13068.9,10631.3,10631.3,10168.6,9944.3,9633.5,9648.5,9259.1,9703.5,9283.5,8551.8,9159.3,9262.9,12456.0,12431.5,12460.0,12902.5
La 65,0.0,0.0,0.0,0.0,0.0,0.0,0.0,0.0,0.0,0.0,0.0,0.0,0.0,0.0,0.0,0.0,0.0,0.0,0.0,0.0,0.0,0.0,0.0,0.0,0.0,0.0,0.0,0.0,0.0,0.0,0.0,0.0,0.0,0.0,0.0,1950.6,446.7,1775.7,994.2,512.8,891.9,626.7,1096.5,1484.2,2249.4,1213.6,1696.5,1281.0,4070.4,4917.2,4121.6,2707.9,3327.8,2831.5,3721.7,3703.5,2473.7,1967.5,3467.5,2621.2,703.6,1492.3,2359.4,4135.5,2106.9,1555.4,1496.6,9429.9,9329.9,9496.4,9795.3,10000.3,10250.8,9953.1,9496.1,9722.4,10073.3,9916.0,8947.8,10070.2,9938.5,9545.1,12109.0,12465.9,12541.3,13371.8,12838.2,13063.6,13166.7,13507.7,13105.8,12643.5,13096.4,10658.9,10658.9,10196.1,9971.8,9661.0,9676.1,9286.6,9731.0,9311.0,8579.3,9186.8,9290.4,10427.3,10402.9,12487.5,12930.1
San Pedro y San Pablo,0.0,0.0,0.0,0.0,0.0,0.0,0.0,0.0,0.0,0.0,0.0,0.0,0.0,0.0,0.0,0.0,0.0,0.0,0.0,0.0,0.0,0.0,0.0,0.0,0.0,0.0,0.0,0.0,0.0,0.0,0.0,0.0,0.0,0.0,0.0,0.0,2324.0,1607.4,1043.4,1651.0,1856.5,1503.1,1880.7,1458.3,362.6,1449.7,1336.8,2834.8,6031.9,6878.7,6083.1,4669.4,5289.3,4793.0,5683.2,5665.0,4435.2,3871.1,4721.6,3415.8,2665.1,3395.8,3613.6,5389.7,3644.2,2799.6,3033.9,11186.5,11086.5,11253.0,11645.9,11850.9,12107.3,11803.7,11457.5,11661.7,12034.8,11877.5,10882.6,12031.7,11900.0,11454.4,13865.6,14222.5,14297.9,15128.4,14594.8,14820.2,14923.3,15264.3,14862.4,14400.1,14853.0,12415.5,12415.5,11952.7,11728.4,11417.6,11432.7,11043.2,11487.6,11067.6,10335.9,10943.4,11047.0,11221.9,11197.4,14244.1,14686.7
Parque de Los Mangos,0.0,0.0,0.0,0.0,0.0,0.0,0.0,0.0,0.0,0.0,0.0,0.0,0.0,0.0,0.0,0.0,0.0,0.0,0.0,0.0,0.0,0.0,0.0,0.0,0.0,0.0,0.0,0.0,0.0,0.0,0.0,0.0,0.0,0.0,0.0,0.0,0.0,1655.9,1336.1,944.3,1322.4,816.8,777.9,1914.8,2555.1,1645.2,2127.1,875.5,4007.8,4854.5,4059.0,2630.0,3265.2,2768.9,3659.1,3640.9,2286.7,1576.5,3051.5,2209.1,625.7,1101.2,1943.5,3719.6,1691.0,1139.5,1080.6,9038.8,8938.8,9105.3,9498.2,9703.2,9959.6,9656.0,9314.4,9514.0,9962.8,9805.5,8734.9,9959.7,9828.0,9306.7,11717.9,12074.8,12150.3,12980.7,12447.2,12672.5,12775.6,13116.6,12714.7,12252.4,12705.3,10267.8,10267.8,9805.0,9580.7,9269.9,9285.0,8895.5,9339.9,8919.9,8188.2,8795.8,8899.3,10847.0,10822.5,12096.4,12539.0
Pedro Nel Gómez,0.0,0.0,0.0,0.0,0.0,0.0,0.0,0.0,0.0,0.0,0.0,0.0,0.0,0.0,0.0,0.0,0.0,0.0,0.0,0.0,0.0,0.0,0.0,0.0,0.0,0.0,0.0,0.0,0.0,0.0,0.0,0.0,0.0,0.0,0.0,0.0,0.0,0.0,1495.2,2034.2,2493.4,1127.9,1110.4,2300.2,1796.3,2174.4,2331.9,1870.4,5520.9,6028.5,5572.2,4149.8,4778.4,4282.0,5172.2,5154.0,3799.9,3089.6,3602.9,2258.3,2285.9,2614.4,2494.8,4270.9,2567.3,1680.9,1961.9,10114.5,10014.5,10181.0,10573.9,10778.9,11035.2,10731.6,10390.0,10589.6,11038.4,10881.2,9810.6,11035.3,10903.6,10382.3,12793.5,13150.4,13225.9,14056.3,13522.8,13748.1,13851.3,14192.3,13790.3,13328.1,13781.0,11343.4,11343.4,10880.7,10656.4,10345.6,10360.6,9971.1,10415.6,9995.6,9263.9,9871.4,9975.0,12028.8,12004.4,13172.1,13614.6
Estadio,0.0,0.0,0.0,0.0,0.0,0.0,0.0,0.0,0.0,0.0,0.0,0.0,0.0,0.0,0.0,0.0,0.0,0.0,0.0,0.0,0.0,0.0,0.0,0.0,0.0,0.0,0.0,0.0,0.0,0.0,0.0,0.0,0.0,0.0,0.0,0.0,0.0,0.0,0.0,664.6,1127.1,553.9,1005.5,939.2,1309.1,766.5,1000.5,1959.7,5045.5,5892.2,5096.7,3683.0,4302.9,3806.6,4696.8,4678.6,3448.8,2938.3,3957.9,3000.4,1678.7,2463.0,2849.8,4625.9,2769.1,2035.9,2158.8,10311.4,10211.4,10377.9,10770.4,10975.4,11225.9,10928.2,10471.1,10697.4,11048.4,10891.1,9922.8,11045.2,10913.5,10520.2,12990.4,13347.3,13422.8,14253.2,13719.7,13945.0,14048.2,14389.2,13987.2,13525.0,13977.8,11540.3,11540.3,11077.6,10853.3,10542.5,10557.5,10168.0,10612.5,10192.4,9460.8,10068.3,10171.9,10662.6,10638.1,13369.0,13811.5
Suramericana,0.0,0.0,0.0,0.0,0.0,0.0,0.0,0.0,0.0,0.0,0.0,0.0,0.0,0.0,0.0,0.0,0.0,0.0,0.0,0.0,0.0,0.0,0.0,0.0,0.0,0.0,0.0,0.0,0.0,0.0,0.0,0.0,0.0,0.0,0.0,0.0,0.0,0.0,0.0,0.0,532.6,1068.9,1520.5,1020.9,1914.8,749.8,1233.2,1793.7,4582.7,5429.5,4633.9,3220.2,3840.1,3343.8,4234.0,4215.8,2986.0,2480.3,3980.2,3133.9,1215.9,2005.0,2872.1,4648.3,2619.6,2068.1,2009.3,9942.6,9842.6,10009.2,10307.6,10512.6,10763.1,10465.4,10008.3,10234.6,10585.6,10428.3,9460.0,10582.5,10450.7,10057.4,12621.7,12978.6,13054.1,13884.5,13351.0,13576.3,13679.4,14020.4,13618.5,13156.3,13609.1,11171.6,11171.6,10708.9,10484.5,10173.7,10188.8,9799.3,10243.8,9823.7,9092.0,9699.6,9803.2,10068.0,10043.6,13000.3,13442.8
Colombia,0.0,0.0,0.0,0.0,0.0,0.0,0.0,0.0,0.0,0.0,0.0,0.0,0.0,0.0,0.0,0.0,0.0,0.0,0.0,0.0,0.0,0.0,0.0,0.0,0.0,0.0,0.0,0.0,0.0,0.0,0.0,0.0,0.0,0.0,0.0,0.0,0.0,0.0,0.0,0.0,0.0,1518.6,1980.7,629.4,2172.9,519.7,841.7,2172.8,4917.0,5742.3,4945.1,3452.6,4151.3,3655.0,4545.2,4527.0,3344.7,2859.4,4359.3,3513.1,1594.7,2384.1,3251.3,5027.4,2998.7,2447.3,2388.4,10321.8,10221.8,10388.3,10620.5,10825.5,11075.9,10778.3,10321.2,10547.5,10898.5,10741.2,9772.9,10895.3,10763.6,10370.3,13000.8,13357.7,13433.2,14263.6,13730.1,13955.4,14058.5,14399.6,13997.6,13535.4,13988.2,11550.7,11550.7,11088.0,10863.7,10552.9,10567.9,10178.4,10622.9,10202.8,9471.1,10078.7,10182.3,9551.9,9527.5,13379.4,13821.9
San Juan,0.0,0.0,0.0,0.0,0.0,0.0,0.0,0.0,0.0,0.0,0.0,0.0,0.0,0.0,0.0,0.0,0.0,0.0,0.0,0.0,0.0,0.0,0.0,0.0,0.0,0.0,0.0,0.0,0.0,0.0,0.0,0.0,0.0,0.0,0.0,0.0,0.0,0.0,0.0,0.0,0.0,0.0,486.2,1381.3,1772.9,1167.2,1448.5,1440.3,4592.4,5439.2,4643.6,3229.9,3849.8,3353.5,4243.7,4225.5,2995.7,2402.6,3460.9,2503.4,1225.6,1927.4,2352.9,4129.0,2249.7,1538.9,1639.4,9792.0,9692.0,9858.5,10251.4,10456.4,10712.7,10409.2,10018.0,10244.3,10595.3,10438.0,9469.7,10592.2,10460.4,10059.8,12471.1,12827.9,12903.4,13733.9,13200.3,13425.7,13528.8,13869.8,13467.9,13005.6,13458.5,11021.0,11021.0,10558.2,10333.9,10023.1,10038.2,9648.7,10093.1,9673.1,8941.4,9548.9,9652.5,11021.7,10997.2,12849.6,13292.1
UPB,0.0,0.0,0.0,0.0,0.0,0.0,0.0,0.0,0.0,0.0,0.0,0.0,0.0,0.0,0.0,0.0,0.0,0.0,0.0,0.0,0.0,0.0,0.0,0.0,0.0,0.0,0.0,0.0,0.0,0.0,0.0,0.0,0.0,0.0,0.0,0.0,0.0,0.0,0.0,0.0,0.0,0.0,0.0,1893.2,2259.9,1577.2,1960.4,991.8,4508.9,5257.5,4560.1,3137.8,3766.3,3270.0,4160.2,4142.0,2787.8,2077.6,3103.2,2145.7,1381.0,1602.3,1995.1,3771.2,1801.2,1181.2,1190.9,9343.5,9243.5,9410.0,9802.9,10007.9,10264.2,9960.6,9619.0,9818.6,10267.4,10110.2,9039.6,10264.3,10132.6,9611.3,12022.5,12379.4,12454.9,13285.3,12751.8,12977.1,13080.3,13421.3,13019.3,12557.1,13009.9,10572.4,10572.4,10109.7,9885.4,9574.6,9589.6,9200.1,9644.6,9224.5,8492.9,9100.4,9204.0,11428.5,11404.0,12401.1,12843.6
Los Colores,0.0,0.0,0.0,0.0,0.0,0.0,0.0,0.0,0.0,0.0,0.0,0.0,0.0,0.0,0.0,0.0,0.0,0.0,0.0,0.0,0.0,0.0,0.0,0.0,0.0,0.0,0.0,0.0,0.0,0.0,0.0,0.0,0.0,0.0,0.0,0.0,0.0,0.0,0.0,0.0,0.0,0.0,0.0,0.0,1777.2,539.8,239.7,2781.0,5525.2,6350.6,5553.3,4060.9,4759.5,4263.2,5153.4,5135.2,3952.9,3467.6,4794.1,3836.6,2203.0,2992.4,3686.1,5462.2,3592.7,2872.1,2982.4,10930.0,10830.0,10996.5,11228.7,11433.7,11684.2,11386.5,10929.4,11155.7,11506.7,11349.4,10381.1,11503.6,11371.9,10978.5,13609.1,13965.9,14041.4,14871.8,14338.3,14563.7,14666.8,15007.8,14605.8,14143.6,14596.5,12158.9,12158.9,11696.2,11471.9,11161.1,11176.1,10786.7,11231.1,10811.1,10079.4,10686.9,10790.5,9998.9,9974.4,13987.6,14430.1
Floresta,0.0,0.0,0.0,0.0,0.0,0.0,0.0,0.0,0.0,0.0,0.0,0.0,0.0,0.0,0.0,0.0,0.0,0.0,0.0,0.0,0.0,0.0,0.0,0.0,0.0,0.0,0.0,0.0,0.0,0.0,0.0,0.0,0.0,0.0,0.0,0.0,0.0,0.0,0.0,0.0,0.0,0.0,0.0,0.0,0.0,1755.8,1691.2,3050.7,6300.1,7146.9,6351.4,4937.7,5557.6,5061.3,5951.5,5933.3,4703.5,4086.9,4790.6,3412.9,2933.3,3611.7,3682.5,5458.6,3755.0,2868.6,3171.3,11261.9,11161.9,11328.4,11721.3,11926.3,12182.7,11879.1,11537.5,11737.1,12185.9,12028.7,10958.0,12182.8,12051.1,11529.8,13941.0,14297.9,14373.4,15203.8,14670.3,14895.6,14998.7,15339.7,14937.8,14475.5,14928.4,12490.9,12490.9,12028.1,11803.8,11493.0,11508.1,11118.6,11563.0,11143.0,10411.3,11018.9,11122.5,11269.4,11234.5,14319.5,14762.1
Parque de los Enamorados,0.0,0.0,0.0,0.0,0.0,0.0,0.0,0.0,0.0,0.0,0.0,0.0,0.0,0.0,0.0,0.0,0.0,0.0,0.0,0.0,0.0,0.0,0.0,0.0,0.0,0.0,0.0,0.0,0.0,0.0,0.0,0.0,0.0,0.0,0.0,0.0,0.0,0.0,0.0,0.0,0.0,0.0,0.0,0.0,0.0,0.0,1020.4,2421.0,5209.7,6056.5,5261.0,3806.1,4467.2,3970.8,4861.0,4842.8,3613.0,3107.6,4607.5,3761.2,1842.9,2632.3,3499.4,5275.5,3246.9,2695.4,2636.6,10569.9,10469.9,10636.4,10934.7,11139.7,11390.1,11092.4,10635.4,10861.7,11212.6,11055.4,10087.1,11209.5,11077.8,10684.4,13249.0,13605.9,13681.4,14511.8,13978.3,14203.6,14306.7,14647.7,14245.8,13783.6,14236.4,11798.9,11798.9,11336.1,11111.8,10801.0,10816.1,10426.6,10871.0,10451.0,9719.3,10326.9,10430.5,10015.8,9991.3,13627.5,14070.1
Salazar y Herrera,0.0,0.0,0.0,0.0,0.0,0.0,0.0,0.0,0.0,0.0,0.0,0.0,0.0,0.0,0.0,0.0,0.0,0.0,0.0,0.0,0.0,0.0,0.0,0.0,0.0,0.0,0.0,0.0,0.0,0.0,0.0,0.0,0.0,0.0,0.0,0.0,0.0,0.0,0.0,0.0,0.0,0.0,0.0,0.0,0.0,0.0,0.0,2824.5,5735.1,6560.5,5763.3,4270.8,4969.5,4473.2,5363.4,5345.1,4162.8,3677.6,4835.3,3877.8,2412.9,3202.3,3727.3,5503.4,3633.9,2913.3,3023.6,11139.9,11039.9,11206.5,11438.7,11643.7,11894.1,11596.5,11139.4,11365.7,11716.7,11559.4,10591.1,11713.5,11581.8,11188.5,13819.0,14175.9,14251.4,15081.8,14548.3,14773.6,14876.7,15217.7,14815.8,14353.6,14806.4,12368.9,12368.9,11906.2,11681.8,11371.0,11386.1,10996.6,11441.1,11021.0,10289.3,10896.9,11000.5,10119.5,10095.0,14197.6,14640.1
Unicentro,0.0,0.0,0.0,0.0,0.0,0.0,0.0,0.0,0.0,0.0,0.0,0.0,0.0,0.0,0.0,0.0,0.0,0.0,0.0,0.0,0.0,0.0,0.0,0.0,0.0,0.0,0.0,0.0,0.0,0.0,0.0,0.0,0.0,0.0,0.0,0.0,0.0,0.0,0.0,0.0,0.0,0.0,0.0,0.0,0.0,0.0,0.0,0.0,3805.4,4387.8,3856.6,2434.3,3062.8,2566.5,3456.7,3438.5,2084.3,1374.1,2482.0,1686.0,1092.8,898.8,1373.9,3150.0,937.1,569.9,321.2,8473.8,8373.8,8540.3,8933.2,9138.2,9394.5,9090.9,8749.3,8948.9,9397.7,9240.5,8169.9,9394.6,9262.9,8741.6,11152.8,11509.7,11585.2,12415.6,11882.1,12107.4,12210.5,12551.6,12149.6,11687.4,12140.2,9702.7,9702.7,9240.0,9015.7,8704.9,8719.9,8330.4,8774.9,8354.8,7623.1,8230.7,8334.3,11697.6,11673.1,11531.4,11973.9
Calle 19A Villa Carlota,0.0,0.0,0.0,0.0,0.0,0.0,0.0,0.0,0.0,0.0,0.0,0.0,0.0,0.0,0.0,0.0,0.0,0.0,0.0,0.0,0.0,0.0,0.0,0.0,0.0,0.0,0.0,0.0,0.0,0.0,0.0,0.0,0.0,0.0,0.0,0.0,0.0,0.0,0.0,0.0,0.0,0.0,0.0,0.0,0.0,0.0,0.0,0.0,0.0,1922.7,509.7,1270.0,1011.1,1091.5,1238.3,1279.9,1744.1,2403.9,4365.1,4306.2,3202.6,3083.6,3347.7,4728.0,2974.4,3864.6,3454.6,6993.3,6809.3,7059.8,6807.5,7012.5,7262.9,6965.3,6508.2,6734.5,7066.2,6908.9,5959.9,7053.7,6919.2,6557.3,9953.4,9958.7,9837.3,10717.8,10098.6,10519.5,10462.7,10803.7,10451.8,9939.5,10838.4,8551.4,8551.4,8050.1,8118.0,7807.2,7822.2,7432.7,7877.2,7457.1,6725.4,6951.5,6910.4,13620.5,13596.1,10633.7,10830.3
Politécnico,0.0,0.0,0.0,0.0,0.0,0.0,0.0,0.0,0.0,0.0,0.0,0.0,0.0,0.0,0.0,0.0,0.0,0.0,0.0,0.0,0.0,0.0,0.0,0.0,0.0,0.0,0.0,0.0,0.0,0.0,0.0,0.0,0.0,0.0,0.0,0.0,0.0,0.0,0.0,0.0,0.0,0.0,0.0,0.0,0.0,0.0,0.0,0.0,0.0,0.0,1526.6,2310.3,1575.1,2096.8,1172.8,2014.4,2739.0,3260.3,4317.1,4814.0,4227.8,4063.2,3844.6,3510.8,3499.1,4438.2,4217.4,5160.6,4976.5,5227.1,4974.7,5179.7,5430.2,5132.5,4675.4,4901.7,5252.7,5095.4,4127.1,5249.5,5117.8,4724.5,8120.6,8126.0,8004.5,8885.0,8265.8,8686.7,8629.9,8970.9,8619.0,8106.7,9005.6,6796.2,6796.2,6294.9,6390.9,6458.2,6473.2,6083.7,6458.0,6108.1,5376.4,5196.3,5155.3,14645.8,14621.3,9211.7,9075.1
Telemedellín,0.0,0.0,0.0,0.0,0.0,0.0,0.0,0.0,0.0,0.0,0.0,0.0,0.0,0.0,0.0,0.0,0.0,0.0,0.0,0.0,0.0,0.0,0.0,0.0,0.0,0.0,0.0,0.0,0.0,0.0,0.0,0.0,0.0,0.0,0.0,0.0,0.0,0.0,0.0,0.0,0.0,0.0,0.0,0.0,0.0,0.0,0.0,0.0,0.0,0.0,0.0,1418.5,1159.6,1240.0,1121.3,1428.5,1892.7,2552.5,4513.7,4454.7,3351.1,3232.1,3496.3,4610.9,3123.0,4013.1,3603.1,6876.3,6692.3,6942.8,6690.5,6895.5,7145.9,6848.2,6391.2,6617.5,6968.4,6811.2,5842.9,6965.3,6833.6,6440.2,9836.4,9841.7,9720.3,10600.7,9981.6,10402.4,10345.7,10686.7,10334.7,9822.5,10721.4,8434.4,8434.4,7933.1,8000.9,7690.1,7705.2,7315.7,7760.1,7340.1,6608.4,6834.5,6793.4,13769.1,13744.6,10516.6,10713.3
Industriales Metro,0.0,0.0,0.0,0.0,0.0,0.0,0.0,0.0,0.0,0.0,0.0,0.0,0.0,0.0,0.0,0.0,0.0,0.0,0.0,0.0,0.0,0.0,0.0,0.0,0.0,0.0,0.0,0.0,0.0,0.0,0.0,0.0,0.0,0.0,0.0,0.0,0.0,0.0,0.0,0.0,0.0,0.0,0.0,0.0,0.0,0.0,0.0,0.0,0.0,0.0,0.0,0.0,745.4,213.5,1139.3,1121.1,502.7,1162.5,3123.7,3075.7,1967.9,1957.3,2106.3,3796.4,1757.7,2696.8,2328.3,7430.1,7246.1,7496.6,7244.3,7449.3,7699.7,7402.0,6945.0,7171.3,7522.2,7365.0,6396.7,7519.1,7387.4,6994.0,10390.2,10395.5,10274.1,11154.6,10535.4,10956.2,10899.5,11240.5,10888.5,10376.3,11275.2,8979.0,8979.0,8477.7,8403.9,8093.1,8108.2,7718.7,8163.1,7743.1,7011.4,7379.1,7338.1,12385.8,12361.4,10919.6,11257.9
MAMM,0.0,0.0,0.0,0.0,0.0,0.0,0.0,0.0,0.0,0.0,0.0,0.0,0.0,0.0,0.0,0.0,0.0,0.0,0.0,0.0,0.0,0.0,0.0,0.0,0.0,0.0,0.0,0.0,0.0,0.0,0.0,0.0,0.0,0.0,0.0,0.0,0.0,0.0,0.0,0.0,0.0,0.0,0.0,0.0,0.0,0.0,0.0,0.0,0.0,0.0,0.0,0.0,0.0,532.0,404.2,439.9,1184.6,1844.4,3805.6,3757.7,2670.6,2639.2,2788.2,4428.0,2439.7,3378.8,3010.2,6694.9,6510.9,6761.5,6509.1,6714.1,6964.6,6666.9,6209.8,6436.1,6787.1,6629.8,5661.5,6783.9,6652.2,6258.9,9655.0,9660.4,9538.9,10419.4,9800.2,10221.1,10164.3,10505.3,10153.4,9641.1,10540.0,8245.5,8245.5,7744.2,7818.0,7507.2,7522.3,7132.8,7577.2,7157.2,6425.5,6645.6,6604.5,13088.5,13064.1,10333.7,10524.4
Río Aburrá,0.0,0.0,0.0,0.0,0.0,0.0,0.0,0.0,0.0,0.0,0.0,0.0,0.0,0.0,0.0,0.0,0.0,0.0,0.0,0.0,0.0,0.0,0.0,0.0,0.0,0.0,0.0,0.0,0.0,0.0,0.0,0.0,0.0,0.0,0.0,0.0,0.0,0.0,0.0,0.0,0.0,0.0,0.0,0.0,0.0,0.0,0.0,0.0,0.0,0.0,0.0,0.0,0.0,0.0,925.9,907.6,690.6,1350.4,3311.6,3263.6,2138.6,2145.2,2294.2,3984.3,1945.6,2884.7,2516.2,7216.6,7032.6,7283.2,7030.8,7235.8,7486.2,7188.6,6731.5,6957.8,7308.8,7151.5,6183.2,7305.6,7173.9,6780.6,10176.7,10182.1,10060.6,10941.1,10321.9,10742.8,10686.0,11027.0,10675.1,10162.8,11061.7,8765.5,8765.5,8264.3,8338.0,8027.2,8042.3,7652.8,8097.3,7677.2,6945.5,7165.6,7124.6,12556.6,12532.1,10853.8,11044.5
Villa Carlota,0.0,0.0,0.0,0.0,0.0,0.0,0.0,0.0,0.0,0.0,0.0,0.0,0.0,0.0,0.0,0.0,0.0,0.0,0.0,0.0,0.0,0.0,0.0,0.0,0.0,0.0,0.0,0.0,0.0,0.0,0.0,0.0,0.0,0.0,0.0,0.0,0.0,0.0,0.0,0.0,0.0,0.0,0.0,0.0,0.0,0.0,0.0,0.0,0.0,0.0,0.0,0.0,0.0,0.0,0.0,843.4,1578.4,2238.2,4199.4,4151.4,3064.5,3033.0,3182.0,4024.0,2833.4,3772.5,3404.0,6291.0,6106.9,6357.5,6105.1,6310.1,6560.6,6262.9,5805.8,6032.1,6383.1,6225.8,5257.5,6379.9,6248.2,5854.9,9251.0,9256.4,9135.0,10015.4,9396.2,9817.1,9760.3,10101.3,9749.4,9237.1,10136.0,7841.5,7841.5,7340.2,7414.0,7103.2,7118.3,6728.8,7173.2,6753.2,6021.5,6241.6,6200.6,13482.4,13457.9,9929.7,10120.4
Ciudad del Río,0.0,0.0,0.0,0.0,0.0,0.0,0.0,0.0,0.0,0.0,0.0,0.0,0.0,0.0,0.0,0.0,0.0,0.0,0.0,0.0,0.0,0.0,0.0,0.0,0.0,0.0,0.0,0.0,0.0,0.0,0.0,0.0,0.0,0.0,0.0,0.0,0.0,0.0,0.0,0.0,0.0,0.0,0.0,0.0,0.0,0.0,0.0,0.0,0.0,0.0,0.0,0.0,0.0,0.0,0.0,0.0,1555.2,2215.0,4176.2,4117.2,3013.6,2894.6,3158.8,4525.0,2785.4,3675.6,3265.6,6792.0,6607.9,6858.5,6606.1,6811.1,7061.6,6763.9,6306.8,6533.2,6884.1,6726.8,5758.6,6881.0,6749.3,6355.9,9752.0,9757.4,9636.0,10516.4,9897.2,10318.1,10261.4,10602.4,10250.4,9738.2,10637.1,8342.5,8342.5,7841.3,7915.0,7604.2,7619.3,7229.8,7674.2,7254.2,6522.5,6742.6,6701.6,13431.6,13407.1,10430.8,10621.5
Industriales Metroplús,0.0,0.0,0.0,0.0,0.0,0.0,0.0,0.0,0.0,0.0,0.0,0.0,0.0,0.0,0.0,0.0,0.0,0.0,0.0,0.0,0.0,0.0,0.0,0.0,0.0,0.0,0.0,0.0,0.0,0.0,0.0,0.0,0.0,0.0,0.0,0.0,0.0,0.0,0.0,0.0,0.0,0.0,0.0,0.0,0.0,0.0,0.0,0.0,0.0,0.0,0.0,0.0,0.0,0.0,0.0,0.0,0.0,730.1,2691.3,2643.3,2241.8,1524.9,1673.9,3363.9,1325.3,2264.4,1895.9,7316.7,7127.6,7383.3,7574.6,7779.6,8030.0,7732.3,7275.3,7501.6,7852.5,7695.3,6727.0,7849.4,7717.7,7324.3,10114.8,10471.7,10547.2,11377.6,10844.1,11069.4,11172.6,11513.6,11111.6,10649.4,11102.2,8664.7,8664.7,8202.0,7977.7,7666.9,7681.9,7292.4,7736.9,7316.8,6585.2,7192.7,7174.5,12478.0,12453.5,10493.4,10935.9
Nutibara,0.0,0.0,0.0,0.0,0.0,0.0,0.0,0.0,0.0,0.0,0.0,0.0,0.0,0.0,0.0,0.0,0.0,0.0,0.0,0.0,0.0,0.0,0.0,0.0,0.0,0.0,0.0,0.0,0.0,0.0,0.0,0.0,0.0,0.0,0.0,0.0,0.0,0.0,0.0,0.0,0.0,0.0,0.0,0.0,0.0,0.0,0.0,0.0,0.0,0.0,0.0,0.0,0.0,0.0,0.0,0.0,0.0,0.0,2002.3,1925.6,1742.6,846.6,985.0,2675.0,595.2,1534.3,1195.3,7476.5,7376.5,7543.0,7935.9,8140.9,8397.2,8093.6,7752.0,7951.6,8400.4,8243.2,7172.6,8397.3,8265.6,7744.3,10155.5,10512.4,10587.9,11418.3,10884.8,11110.1,11213.3,11554.3,11152.3,10690.1,11143.0,8705.4,8705.4,8242.7,8018.4,7707.6,7722.6,7333.1,7777.6,7357.6,6625.9,7233.4,7337.0,12383.2,12358.8,10534.1,10976.6
Juan Pablo II,0.0,0.0,0.0,0.0,0.0,0.0,0.0,0.0,0.0,0.0,0.0,0.0,0.0,0.0,0.0,0.0,0.0,0.0,0.0,0.0,0.0,0.0,0.0,0.0,0.0,0.0,0.0,0.0,0.0,0.0,0.0,0.0,0.0,0.0,0.0,0.0,0.0,0.0,0.0,0.0,0.0,0.0,0.0,0.0,0.0,0.0,0.0,0.0,0.0,0.0,0.0,0.0,0.0,0.0,0.0,0.0,0.0,0.0,0.0,1955.2,3435.4,2687.3,1122.5,806.4,1545.4,1973.6,2272.9,6749.0,6649.0,6815.6,7208.5,7413.4,7669.8,7366.2,7024.6,7224.2,7673.0,7515.8,6445.2,7669.9,7538.2,7016.9,9428.1,9785.0,9860.5,10690.9,10157.4,10382.7,10485.8,10826.8,10424.9,9962.7,10415.5,7978.0,7978.0,7515.3,7290.9,6980.1,6995.2,6605.7,7050.2,6630.1,5898.4,6506.0,6609.6,13851.6,13827.1,9806.7,10249.2
Picacha la 76,0.0,0.0,0.0,0.0,0.0,0.0,0.0,0.0,0.0,0.0,0.0,0.0,0.0,0.0,0.0,0.0,0.0,0.0,0.0,0.0,0.0,0.0,0.0,0.0,0.0,0.0,0.0,0.0,0.0,0.0,0.0,0.0,0.0,0.0,0.0,0.0,0.0,0.0,0.0,0.0,0.0,0.0,0.0,0.0,0.0,0.0,0.0,0.0,0.0,0.0,0.0,0.0,0.0,0.0,0.0,0.0,0.0,0.0,0.0,0.0,2476.0,2071.2,1119.5,2737.3,1586.3,939.1,1336.5,8420.4,8320.4,8486.9,8879.8,9084.8,9341.1,9037.6,8696.0,8895.6,9344.4,9187.1,8116.5,9341.3,9209.6,8688.3,11099.5,11456.4,11531.8,12362.3,11828.7,12054.1,12157.2,12498.2,12096.3,11634.0,12086.9,9649.4,9649.4,9186.6,8962.3,8651.5,8666.6,8277.1,8721.5,8301.5,7569.8,8177.3,8280.9,12814.9,12790.4,11478.0,11920.6
Parques del río,0.0,0.0,0.0,0.0,0.0,0.0,0.0,0.0,0.0,0.0,0.0,0.0,0.0,0.0,0.0,0.0,0.0,0.0,0.0,0.0,0.0,0.0,0.0,0.0,0.0,0.0,0.0,0.0,0.0,0.0,0.0,0.0,0.0,0.0,0.0,0.0,0.0,0.0,0.0,0.0,0.0,0.0,0.0,0.0,0.0,0.0,0.0,0.0,0.0,0.0,0.0,0.0,0.0,0.0,0.0,0.0,0.0,0.0,0.0,0.0,0.0,1320.1,2453.3,4213.1,1992.1,1649.3,1375.9,9035.9,8846.8,9102.4,9172.2,9377.2,9627.7,9330.0,8872.9,9099.2,9450.2,9292.9,8324.6,9447.0,9315.3,8922.0,11936.8,12293.7,12202.0,13082.5,12463.3,12884.2,12827.4,13168.4,12816.5,12304.2,12924.2,10486.7,10486.7,10023.9,9799.6,9488.8,9503.9,9114.4,9558.8,9138.8,8407.1,8934.7,8893.6,11182.1,11157.6,12315.3,12757.9
La 33,0.0,0.0,0.0,0.0,0.0,0.0,0.0,0.0,0.0,0.0,0.0,0.0,0.0,0.0,0.0,0.0,0.0,0.0,0.0,0.0,0.0,0.0,0.0,0.0,0.0,0.0,0.0,0.0,0.0,0.0,0.0,0.0,0.0,0.0,0.0,0.0,0.0,0.0,0.0,0.0,0.0,0.0,0.0,0.0,0.0,0.0,0.0,0.0,0.0,0.0,0.0,0.0,0.0,0.0,0.0,0.0,0.0,0.0,0.0,0.0,0.0,0.0,2171.8,3919.1,1698.1,1367.8,1066.8,8923.9,8823.9,8990.4,9383.3,9588.3,9844.6,9541.1,9199.5,9399.1,9847.9,9690.6,8620.0,9844.8,9713.1,9191.8,11603.0,11959.9,12035.3,12865.8,12332.2,12557.6,12660.7,13001.7,12599.8,12137.5,12590.4,10152.9,10152.9,9690.1,9465.8,9155.0,9170.1,8780.6,9225.0,8805.0,8073.3,8680.8,8784.4,11536.9,11512.4,11981.5,12424.1
Rosales,0.0,0.0,0.0,0.0,0.0,0.0,0.0,0.0,0.0,0.0,0.0,0.0,0.0,0.0,0.0,0.0,0.0,0.0,0.0,0.0,0.0,0.0,0.0,0.0,0.0,0.0,0.0,0.0,0.0,0.0,0.0,0.0,0.0,0.0,0.0,0.0,0.0,0.0,0.0,0.0,0.0,0.0,0.0,0.0,0.0,0.0,0.0,0.0,0.0,0.0,0.0,0.0,0.0,0.0,0.0,0.0,0.0,0.0,0.0,0.0,0.0,0.0,0.0,1783.5,540.6,865.8,1259.8,7719.7,7619.7,7786.2,8179.1,8384.1,8640.4,8336.9,7995.3,8194.9,8643.7,8486.4,7415.8,8640.6,8508.9,7987.5,10398.8,10755.6,10831.1,11661.6,11128.0,11353.4,11456.5,11797.5,11395.5,10933.3,11386.2,8948.7,8948.7,8485.9,8261.6,7950.8,7965.8,7576.4,8020.8,7600.8,6869.1,7476.6,7580.2,12743.8,12719.4,10777.3,11219.8
Maria Luisa Calle,0.0,0.0,0.0,0.0,0.0,0.0,0.0,0.0,0.0,0.0,0.0,0.0,0.0,0.0,0.0,0.0,0.0,0.0,0.0,0.0,0.0,0.0,0.0,0.0,0.0,0.0,0.0,0.0,0.0,0.0,0.0,0.0,0.0,0.0,0.0,0.0,0.0,0.0,0.0,0.0,0.0,0.0,0.0,0.0,0.0,0.0,0.0,0.0,0.0,0.0,0.0,0.0,0.0,0.0,0.0,0.0,0.0,0.0,0.0,0.0,0.0,0.0,0.0,0.0,2218.0,2644.1,2945.6,5942.8,5842.8,6009.3,6402.2,6607.2,6863.5,6560.0,6218.4,6418.0,6866.8,6709.5,5638.9,6863.7,6732.0,6210.6,8621.9,8978.7,9054.2,9884.7,9351.1,9576.5,9679.6,10020.6,9618.6,9156.4,9609.3,7171.8,7171.8,6709.0,6484.7,6173.9,6188.9,5799.5,6243.9,5823.9,5092.2,5699.7,5803.3,14522.1,14497.7,9000.4,9442.9
Unidad Deportiva de Belén,0.0,0.0,0.0,0.0,0.0,0.0,0.0,0.0,0.0,0.0,0.0,0.0,0.0,0.0,0.0,0.0,0.0,0.0,0.0,0.0,0.0,0.0,0.0,0.0,0.0,0.0,0.0,0.0,0.0,0.0,0.0,0.0,0.0,0.0,0.0,0.0,0.0,0.0,0.0,0.0,0.0,0.0,0.0,0.0,0.0,0.0,0.0,0.0,0.0,0.0,0.0,0.0,0.0,0.0,0.0,0.0,0.0,0.0,0.0,0.0,0.0,0.0,0.0,0.0,0.0,939.2,777.9,7596.1,7496.1,7662.6,8055.5,8260.5,8516.8,8213.2,7871.6,8071.2,8520.0,8362.8,7292.2,8516.9,8385.2,7863.9,10275.1,10632.0,10707.5,11537.9,11004.4,11229.7,11332.8,11673.9,11271.9,10809.7,11262.5,8825.0,8825.0,8362.3,8138.0,7827.2,7842.2,7452.7,7897.2,7477.1,6745.4,7353.0,7456.6,12520.5,12496.0,10653.7,11096.2
Bulerias,0.0,0.0,0.0,0.0,0.0,0.0,0.0,0.0,0.0,0.0,0.0,0.0,0.0,0.0,0.0,0.0,0.0,0.0,0.0,0.0,0.0,0.0,0.0,0.0,0.0,0.0,0.0,0.0,0.0,0.0,0.0,0.0,0.0,0.0,0.0,0.0,0.0,0.0,0.0,0.0,0.0,0.0,0.0,0.0,0.0,0.0,0.0,0.0,0.0,0.0,0.0,0.0,0.0,0.0,0.0,0.0,0.0,0.0,0.0,0.0,0.0,0.0,0.0,0.0,0.0,0.0,432.0,8547.2,8447.2,8613.8,9006.6,9211.6,9468.0,9164.4,8822.8,9022.4,9471.2,9314.0,8243.3,9468.1,9336.4,8815.1,11226.3,11583.2,11658.7,12489.1,11955.6,12180.9,12284.0,12625.0,12223.1,11760.9,12213.7,9776.2,9776.2,9313.5,9089.1,8778.3,8793.4,8403.9,8848.4,8428.3,7696.6,8304.2,8407.8,11885.1,11860.6,11604.9,12047.4
Cafetero,0.0,0.0,0.0,0.0,0.0,0.0,0.0,0.0,0.0,0.0,0.0,0.0,0.0,0.0,0.0,0.0,0.0,0.0,0.0,0.0,0.0,0.0,0.0,0.0,0.0,0.0,0.0,0.0,0.0,0.0,0.0,0.0,0.0,0.0,0.0,0.0,0.0,0.0,0.0,0.0,0.0,0.0,0.0,0.0,0.0,0.0,0.0,0.0,0.0,0.0,0.0,0.0,0.0,0.0,0.0,0.0,0.0,0.0,0.0,0.0,0.0,0.0,0.0,0.0,0.0,0.0,0.0,8434.4,8334.4,8500.9,8893.8,9098.8,9355.1,9051.6,8710.0,8909.6,9358.4,9201.1,8130.5,9355.3,9223.6,8702.2,11113.5,11470.3,11545.8,12376.3,11842.7,12068.1,12171.2,12512.2,12110.2,11648.0,12100.9,9663.4,9663.4,9200.6,8976.3,8665.5,8680.5,8291.1,8735.5,8315.5,7583.8,8191.3,8294.9,11798.0,11773.5,11492.0,11934.5
Metro Envigado Sur,0.0,0.0,0.0,0.0,0.0,0.0,0.0,0.0,0.0,0.0,0.0,0.0,0.0,0.0,0.0,0.0,0.0,0.0,0.0,0.0,0.0,0.0,0.0,0.0,0.0,0.0,0.0,0.0,0.0,0.0,0.0,0.0,0.0,0.0,0.0,0.0,0.0,0.0,0.0,0.0,0.0,0.0,0.0,0.0,0.0,0.0,0.0,0.0,0.0,0.0,0.0,0.0,0.0,0.0,0.0,0.0,0.0,0.0,0.0,0.0,0.0,0.0,0.0,0.0,0.0,0.0,0.0,0.0,189.1,66.5,459.4,664.4,920.7,617.2,782.4,881.8,924.0,1163.9,1015.9,1241.0,1455.7,660.1,3359.5,3385.7,3264.3,4144.7,3561.2,3946.4,3889.7,4230.7,3878.7,3366.5,4265.4,1902.0,1902.0,1400.7,1493.1,1778.1,1801.9,1412.4,1560.2,1428.1,1067.5,243.1,232.9,19394.8,19370.3,4317.2,4180.6
Metro Envigado Norte,0.0,0.0,0.0,0.0,0.0,0.0,0.0,0.0,0.0,0.0,0.0,0.0,0.0,0.0,0.0,0.0,0.0,0.0,0.0,0.0,0.0,0.0,0.0,0.0,0.0,0.0,0.0,0.0,0.0,0.0,0.0,0.0,0.0,0.0,0.0,0.0,0.0,0.0,0.0,0.0,0.0,0.0,0.0,0.0,0.0,0.0,0.0,0.0,0.0,0.0,0.0,0.0,0.0,0.0,0.0,0.0,0.0,0.0,0.0,0.0,0.0,0.0,0.0,0.0,0.0,0.0,0.0,0.0,0.0,255.6,622.2,827.2,1083.5,780.0,598.3,697.7,1086.8,1179.8,902.6,1340.8,1271.6,490.4,3538.8,3554.8,3433.4,4313.9,3730.3,4115.6,4058.8,4399.8,4047.9,3535.6,4434.5,2081.3,2081.3,1580.0,1672.4,1957.4,1981.2,1591.7,1739.5,1607.4,967.5,422.4,412.2,19459.5,19435.0,4496.5,4359.9
Auxiliar Metro Envigado,0.0,0.0,0.0,0.0,0.0,0.0,0.0,0.0,0.0,0.0,0.0,0.0,0.0,0.0,0.0,0.0,0.0,0.0,0.0,0.0,0.0,0.0,0.0,0.0,0.0,0.0,0.0,0.0,0.0,0.0,0.0,0.0,0.0,0.0,0.0,0.0,0.0,0.0,0.0,0.0,0.0,0.0,0.0,0.0,0.0,0.0,0.0,0.0,0.0,0.0,0.0,0.0,0.0,0.0,0.0,0.0,0.0,0.0,0.0,0.0,0.0,0.0,0.0,0.0,0.0,0.0,0.0,0.0,0.0,0.0,392.9,597.9,854.2,550.7,828.8,826.3,857.5,1097.4,1082.4,1174.5,1399.6,593.5,3426.0,3452.2,3330.8,4211.2,3627.7,4012.9,3956.2,4297.2,3945.2,3433.0,4331.9,1968.5,1968.5,1467.2,1559.6,1844.6,1868.4,1478.9,1626.7,1494.6,1134.0,309.6,299.4,19461.3,19436.8,4383.7,4247.1
La Ultima Estación,0.0,0.0,0.0,0.0,0.0,0.0,0.0,0.0,0.0,0.0,0.0,0.0,0.0,0.0,0.0,0.0,0.0,0.0,0.0,0.0,0.0,0.0,0.0,0.0,0.0,0.0,0.0,0.0,0.0,0.0,0.0,0.0,0.0,0.0,0.0,0.0,0.0,0.0,0.0,0.0,0.0,0.0,0.0,0.0,0.0,0.0,0.0,0.0,0.0,0.0,0.0,0.0,0.0,0.0,0.0,0.0,0.0,0.0,0.0,0.0,0.0,0.0,0.0,0.0,0.0,0.0,0.0,0.0,0.0,0.0,0.0,376.8,633.2,329.6,476.4,465.0,589.1,714.2,869.5,791.3,1038.0,216.2,3387.4,3380.5,3257.0,4137.5,3514.5,3939.2,3882.4,4223.4,3871.4,3359.2,4272.4,2174.4,2174.4,1987.3,2079.7,2364.7,2388.4,1999.0,2146.8,2014.7,1569.6,829.7,819.5,19515.3,19490.8,4903.7,4538.2
Pista de Patinaje,0.0,0.0,0.0,0.0,0.0,0.0,0.0,0.0,0.0,0.0,0.0,0.0,0.0,0.0,0.0,0.0,0.0,0.0,0.0,0.0,0.0,0.0,0.0,0.0,0.0,0.0,0.0,0.0,0.0,0.0,0.0,0.0,0.0,0.0,0.0,0.0,0.0,0.0,0.0,0.0,0.0,0.0,0.0,0.0,0.0,0.0,0.0,0.0,0.0,0.0,0.0,0.0,0.0,0.0,0.0,0.0,0.0,0.0,0.0,0.0,0.0,0.0,0.0,0.0,0.0,0.0,0.0,0.0,0.0,0.0,0.0,0.0,256.3,227.1,731.9,581.7,499.7,788.7,1117.8,855.9,1142.8,481.9,3121.4,3114.5,2991.0,3871.5,3248.5,3673.1,3616.4,3957.4,3605.4,3093.2,4006.4,1908.4,1908.4,2057.9,2150.3,2435.3,2459.1,2069.6,2217.4,2085.3,1724.7,900.4,890.1,19763.6,19739.1,4787.5,4272.2
Villas de Vallejuelos,0.0,0.0,0.0,0.0,0.0,0.0,0.0,0.0,0.0,0.0,0.0,0.0,0.0,0.0,0.0,0.0,0.0,0.0,0.0,0.0,0.0,0.0,0.0,0.0,0.0,0.0,0.0,0.0,0.0,0.0,0.0,0.0,0.0,0.0,0.0,0.0,0.0,0.0,0.0,0.0,0.0,0.0,0.0,0.0,0.0,0.0,0.0,0.0,0.0,0.0,0.0,0.0,0.0,0.0,0.0,0.0,0.0,0.0,0.0,0.0,0.0,0.0,0.0,0.0,0.0,0.0,0.0,0.0,0.0,0.0,0.0,0.0,0.0,336.3,759.9,609.7,243.3,546.1,1354.5,599.6,886.5,703.9,3377.7,3370.8,3247.3,4127.8,3503.3,3929.5,3872.7,4213.7,3861.8,3349.5,4262.8,2164.8,2164.8,2295.0,2387.4,2672.4,2696.1,2306.6,2454.5,2322.3,1961.7,1137.4,1127.1,20000.3,19975.9,5043.8,4528.6
Iglesia Alcalá,0.0,0.0,0.0,0.0,0.0,0.0,0.0,0.0,0.0,0.0,0.0,0.0,0.0,0.0,0.0,0.0,0.0,0.0,0.0,0.0,0.0,0.0,0.0,0.0,0.0,0.0,0.0,0.0,0.0,0.0,0.0,0.0,0.0,0.0,0.0,0.0,0.0,0.0,0.0,0.0,0.0,0.0,0.0,0.0,0.0,0.0,0.0,0.0,0.0,0.0,0.0,0.0,0.0,0.0,0.0,0.0,0.0,0.0,0.0,0.0,0.0,0.0,0.0,0.0,0.0,0.0,0.0,0.0,0.0,0.0,0.0,0.0,0.0,0.0,504.8,354.7,306.8,561.6,1075.4,638.7,922.5,424.8,3360.8,3353.9,3230.4,4110.8,3487.8,3912.5,3855.8,4196.8,3844.8,3332.6,4245.8,2147.8,2147.8,2015.8,2108.2,2393.2,2417.0,2027.5,2175.3,2043.2,1682.6,858.2,848.0,19721.2,19696.7,4932.3,4511.6
Los Urapanes,0.0,0.0,0.0,0.0,0.0,0.0,0.0,0.0,0.0,0.0,0.0,0.0,0.0,0.0,0.0,0.0,0.0,0.0,0.0,0.0,0.0,0.0,0.0,0.0,0.0,0.0,0.0,0.0,0.0,0.0,0.0,0.0,0.0,0.0,0.0,0.0,0.0,0.0,0.0,0.0,0.0,0.0,0.0,0.0,0.0,0.0,0.0,0.0,0.0,0.0,0.0,0.0,0.0,0.0,0.0,0.0,0.0,0.0,0.0,0.0,0.0,0.0,0.0,0.0,0.0,0.0,0.0,0.0,0.0,0.0,0.0,0.0,0.0,0.0,0.0,418.2,851.1,693.9,611.8,853.6,775.0,258.2,3728.6,3734.0,3612.6,4493.0,3871.6,4294.7,4238.0,4579.0,4227.0,3714.8,4613.7,2515.7,2515.7,2184.8,2277.1,2495.3,2519.0,2129.6,2344.3,2145.3,1423.1,1023.8,1016.9,19257.6,19233.1,5101.2,4879.5
Parque Débora Arango,0.0,0.0,0.0,0.0,0.0,0.0,0.0,0.0,0.0,0.0,0.0,0.0,0.0,0.0,0.0,0.0,0.0,0.0,0.0,0.0,0.0,0.0,0.0,0.0,0.0,0.0,0.0,0.0,0.0,0.0,0.0,0.0,0.0,0.0,0.0,0.0,0.0,0.0,0.0,0.0,0.0,0.0,0.0,0.0,0.0,0.0,0.0,0.0,0.0,0.0,0.0,0.0,0.0,0.0,0.0,0.0,0.0,0.0,0.0,0.0,0.0,0.0,0.0,0.0,0.0,0.0,0.0,0.0,0.0,0.0,0.0,0.0,0.0,0.0,0.0,0.0,639.4,482.1,963.2,643.1,573.9,383.7,3822.3,3815.4,3691.9,4572.3,3949.3,4374.0,4317.3,4658.3,4306.3,3794.1,4707.3,2609.3,2609.3,2417.4,2509.8,2748.1,2771.8,2382.4,2576.9,2398.1,1706.0,1256.5,1249.6,19609.0,19584.6,5333.8,4973.1
Porton de Alcalá,0.0,0.0,0.0,0.0,0.0,0.0,0.0,0.0,0.0,0.0,0.0,0.0,0.0,0.0,0.0,0.0,0.0,0.0,0.0,0.0,0.0,0.0,0.0,0.0,0.0,0.0,0.0,0.0,0.0,0.0,0.0,0.0,0.0,0.0,0.0,0.0,0.0,0.0,0.0,0.0,0.0,0.0,0.0,0.0,0.0,0.0,0.0,0.0,0.0,0.0,0.0,0.0,0.0,0.0,0.0,0.0,0.0,0.0,0.0,0.0,0.0,0.0,0.0,0.0,0.0,0.0,0.0,0.0,0.0,0.0,0.0,0.0,0.0,0.0,0.0,0.0,0.0,367.3,1291.7,356.3,643.1,695.1,3621.1,3614.2,3490.7,4371.1,3504.6,4172.8,3984.7,4325.7,4105.1,3464.9,4506.1,2408.1,2408.1,2322.6,2415.0,2700.0,2723.7,2334.3,2482.1,2350.0,1989.3,1165.0,1154.8,19878.0,19853.5,5239.0,4771.9
El MUA,0.0,0.0,0.0,0.0,0.0,0.0,0.0,0.0,0.0,0.0,0.0,0.0,0.0,0.0,0.0,0.0,0.0,0.0,0.0,0.0,0.0,0.0,0.0,0.0,0.0,0.0,0.0,0.0,0.0,0.0,0.0,0.0,0.0,0.0,0.0,0.0,0.0,0.0,0.0,0.0,0.0,0.0,0.0,0.0,0.0,0.0,0.0,0.0,0.0,0.0,0.0,0.0,0.0,0.0,0.0,0.0,0.0,0.0,0.0,0.0,0.0,0.0,0.0,0.0,0.0,0.0,0.0,0.0,0.0,0.0,0.0,0.0,0.0,0.0,0.0,0.0,0.0,0.0,1131.4,429.3,360.9,611.8,3949.7,3921.1,3797.6,4678.0,3737.8,4479.7,4217.9,4558.9,4412.0,3698.0,4826.3,2772.1,2772.1,2645.5,2737.8,2976.1,2999.9,2610.4,2804.9,2626.1,1934.1,1484.5,1477.6,19592.9,19568.4,5561.9,5092.1
Viva Envigado,0.0,0.0,0.0,0.0,0.0,0.0,0.0,0.0,0.0,0.0,0.0,0.0,0.0,0.0,0.0,0.0,0.0,0.0,0.0,0.0,0.0,0.0,0.0,0.0,0.0,0.0,0.0,0.0,0.0,0.0,0.0,0.0,0.0,0.0,0.0,0.0,0.0,0.0,0.0,0.0,0.0,0.0,0.0,0.0,0.0,0.0,0.0,0.0,0.0,0.0,0.0,0.0,0.0,0.0,0.0,0.0,0.0,0.0,0.0,0.0,0.0,0.0,0.0,0.0,0.0,0.0,0.0,0.0,0.0,0.0,0.0,0.0,0.0,0.0,0.0,0.0,0.0,0.0,0.0,1419.8,1341.2,663.1,4059.5,4064.8,3943.4,4823.9,4204.7,4625.6,4568.8,4909.8,4557.9,4045.6,4944.5,2846.5,2846.5,2439.3,2531.6,2774.4,2798.0,2408.5,2598.7,2424.3,1701.2,1281.7,1271.4,18712.5,18688.0,5355.7,5210.3
Guanteros,0.0,0.0,0.0,0.0,0.0,0.0,0.0,0.0,0.0,0.0,0.0,0.0,0.0,0.0,0.0,0.0,0.0,0.0,0.0,0.0,0.0,0.0,0.0,0.0,0.0,0.0,0.0,0.0,0.0,0.0,0.0,0.0,0.0,0.0,0.0,0.0,0.0,0.0,0.0,0.0,0.0,0.0,0.0,0.0,0.0,0.0,0.0,0.0,0.0,0.0,0.0,0.0,0.0,0.0,0.0,0.0,0.0,0.0,0.0,0.0,0.0,0.0,0.0,0.0,0.0,0.0,0.0,0.0,0.0,0.0,0.0,0.0,0.0,0.0,0.0,0.0,0.0,0.0,0.0,0.0,287.3,696.9,3911.0,3882.4,3758.9,4639.4,3696.3,4441.1,4176.4,4517.4,4373.4,3656.5,4787.7,2733.4,2733.4,2677.4,2769.8,3054.8,3078.6,2689.1,2836.9,2704.8,2027.7,1519.9,1509.6,19713.3,19688.9,5577.1,5053.5
Envigado Centro,0.0,0.0,0.0,0.0,0.0,0.0,0.0,0.0,0.0,0.0,0.0,0.0,0.0,0.0,0.0,0.0,0.0,0.0,0.0,0.0,0.0,0.0,0.0,0.0,0.0,0.0,0.0,0.0,0.0,0.0,0.0,0.0,0.0,0.0,0.0,0.0,0.0,0.0,0.0,0.0,0.0,0.0,0.0,0.0,0.0,0.0,0.0,0.0,0.0,0.0,0.0,0.0,0.0,0.0,0.0,0.0,0.0,0.0,0.0,0.0,0.0,0.0,0.0,0.0,0.0,0.0,0.0,0.0,0.0,0.0,0.0,0.0,0.0,0.0,0.0,0.0,0.0,0.0,0.0,0.0,0.0,1330.7,4701.0,4672.3,4548.9,5429.3,4486.2,5231.0,4966.3,5307.3,5163.3,4446.4,5577.6,3523.4,3523.4,3279.2,3371.6,3589.7,3613.5,3224.0,3438.7,3239.7,2517.5,2118.3,2111.4,19469.9,19445.4,6195.7,5843.4
Puente fundadores,0.0,0.0,0.0,0.0,0.0,0.0,0.0,0.0,0.0,0.0,0.0,0.0,0.0,0.0,0.0,0.0,0.0,0.0,0.0,0.0,0.0,0.0,0.0,0.0,0.0,0.0,0.0,0.0,0.0,0.0,0.0,0.0,0.0,0.0,0.0,0.0,0.0,0.0,0.0,0.0,0.0,0.0,0.0,0.0,0.0,0.0,0.0,0.0,0.0,0.0,0.0,0.0,0.0,0.0,0.0,0.0,0.0,0.0,0.0,0.0,0.0,0.0,0.0,0.0,0.0,0.0,0.0,0.0,0.0,0.0,0.0,0.0,0.0,0.0,0.0,0.0,0.0,0.0,0.0,0.0,0.0,0.0,3486.4,3479.5,3356.1,4236.5,3613.5,4038.2,3981.4,4322.4,3970.5,3458.2,4371.5,2273.5,2273.5,2066.1,2158.5,2396.8,2420.6,2031.1,2225.6,2046.8,1354.7,905.2,898.3,19299.6,19275.1,4982.5,4637.3
Sabaneta Metro,0.0,0.0,0.0,0.0,0.0,0.0,0.0,0.0,0.0,0.0,0.0,0.0,0.0,0.0,0.0,0.0,0.0,0.0,0.0,0.0,0.0,0.0,0.0,0.0,0.0,0.0,0.0,0.0,0.0,0.0,0.0,0.0,0.0,0.0,0.0,0.0,0.0,0.0,0.0,0.0,0.0,0.0,0.0,0.0,0.0,0.0,0.0,0.0,0.0,0.0,0.0,0.0,0.0,0.0,0.0,0.0,0.0,0.0,0.0,0.0,0.0,0.0,0.0,0.0,0.0,0.0,0.0,0.0,0.0,0.0,0.0,0.0,0.0,0.0,0.0,0.0,0.0,0.0,0.0,0.0,0.0,0.0,0.0,357.4,685.8,1263.3,1084.2,955.1,1096.7,1437.8,997.3,1079.2,1200.4,1839.7,1839.7,2336.9,2413.6,2544.7,3099.6,3174.0,2703.8,2933.2,3630.8,3238.9,3228.6,22396.5,22372.0,1851.0,1462.9
Las Vegas 69 Sur,0.0,0.0,0.0,0.0,0.0,0.0,0.0,0.0,0.0,0.0,0.0,0.0,0.0,0.0,0.0,0.0,0.0,0.0,0.0,0.0,0.0,0.0,0.0,0.0,0.0,0.0,0.0,0.0,0.0,0.0,0.0,0.0,0.0,0.0,0.0,0.0,0.0,0.0,0.0,0.0,0.0,0.0,0.0,0.0,0.0,0.0,0.0,0.0,0.0,0.0,0.0,0.0,0.0,0.0,0.0,0.0,0.0,0.0,0.0,0.0,0.0,0.0,0.0,0.0,0.0,0.0,0.0,0.0,0.0,0.0,0.0,0.0,0.0,0.0,0.0,0.0,0.0,0.0,0.0,0.0,0.0,0.0,0.0,0.0,362.4,939.9,760.8,634.6,773.4,1114.4,673.9,742.6,919.2,2159.5,2159.5,2591.7,2775.2,2906.3,3461.2,3535.6,3065.4,3294.8,3992.3,3594.6,3584.4,22707.9,22683.4,1942.1,1186.3
Santa Ana,0.0,0.0,0.0,0.0,0.0,0.0,0.0,0.0,0.0,0.0,0.0,0.0,0.0,0.0,0.0,0.0,0.0,0.0,0.0,0.0,0.0,0.0,0.0,0.0,0.0,0.0,0.0,0.0,0.0,0.0,0.0,0.0,0.0,0.0,0.0,0.0,0.0,0.0,0.0,0.0,0.0,0.0,0.0,0.0,0.0,0.0,0.0,0.0,0.0,0.0,0.0,0.0,0.0,0.0,0.0,0.0,0.0,0.0,0.0,0.0,0.0,0.0,0.0,0.0,0.0,0.0,0.0,0.0,0.0,0.0,0.0,0.0,0.0,0.0,0.0,0.0,0.0,0.0,0.0,0.0,0.0,0.0,0.0,0.0,0.0,913.0,727.4,714.7,740.0,1081.0,646.9,673.7,1234.3,2090.6,2090.6,2522.8,2727.2,3098.4,3634.2,3600.0,3090.4,3394.0,4029.1,3525.7,3515.5,22639.0,22614.5,2257.1,1501.4
Calle Nueva,0.0,0.0,0.0,0.0,0.0,0.0,0.0,0.0,0.0,0.0,0.0,0.0,0.0,0.0,0.0,0.0,0.0,0.0,0.0,0.0,0.0,0.0,0.0,0.0,0.0,0.0,0.0,0.0,0.0,0.0,0.0,0.0,0.0,0.0,0.0,0.0,0.0,0.0,0.0,0.0,0.0,0.0,0.0,0.0,0.0,0.0,0.0,0.0,0.0,0.0,0.0,0.0,0.0,0.0,0.0,0.0,0.0,0.0,0.0,0.0,0.0,0.0,0.0,0.0,0.0,0.0,0.0,0.0,0.0,0.0,0.0,0.0,0.0,0.0,0.0,0.0,0.0,0.0,0.0,0.0,0.0,0.0,0.0,0.0,0.0,0.0,1256.3,967.9,986.5,618.3,634.8,1342.4,675.3,3367.0,3367.0,3799.2,3988.5,4119.6,4674.4,4748.8,4278.6,4508.0,5205.6,4802.1,4791.9,23915.4,23890.9,1722.8,915.3
La Barquereña,0.0,0.0,0.0,0.0,0.0,0.0,0.0,0.0,0.0,0.0,0.0,0.0,0.0,0.0,0.0,0.0,0.0,0.0,0.0,0.0,0.0,0.0,0.0,0.0,0.0,0.0,0.0,0.0,0.0,0.0,0.0,0.0,0.0,0.0,0.0,0.0,0.0,0.0,0.0,0.0,0.0,0.0,0.0,0.0,0.0,0.0,0.0,0.0,0.0,0.0,0.0,0.0,0.0,0.0,0.0,0.0,0.0,0.0,0.0,0.0,0.0,0.0,0.0,0.0,0.0,0.0,0.0,0.0,0.0,0.0,0.0,0.0,0.0,0.0,0.0,0.0,0.0,0.0,0.0,0.0,0.0,0.0,0.0,0.0,0.0,0.0,0.0,951.2,480.1,821.1,837.6,290.9,1486.7,2334.8,2334.8,2767.1,2971.4,3367.7,3878.4,3844.2,3334.7,3638.2,4273.3,3761.3,3751.1,22842.9,22818.4,2509.5,1753.8
Entre amigos,0.0,0.0,0.0,0.0,0.0,0.0,0.0,0.0,0.0,0.0,0.0,0.0,0.0,0.0,0.0,0.0,0.0,0.0,0.0,0.0,0.0,0.0,0.0,0.0,0.0,0.0,0.0,0.0,0.0,0.0,0.0,0.0,0.0,0.0,0.0,0.0,0.0,0.0,0.0,0.0,0.0,0.0,0.0,0.0,0.0,0.0,0.0,0.0,0.0,0.0,0.0,0.0,0.0,0.0,0.0,0.0,0.0,0.0,0.0,0.0,0.0,0.0,0.0,0.0,0.0,0.0,0.0,0.0,0.0,0.0,0.0,0.0,0.0,0.0,0.0,0.0,0.0,0.0,0.0,0.0,0.0,0.0,0.0,0.0,0.0,0.0,0.0,0.0,725.7,1066.7,463.0,912.2,838.8,2583.6,2583.6,3017.3,3159.7,3290.8,3845.6,3920.1,3449.8,3679.2,4376.8,3981.3,3971.0,23133.5,23109.0,1861.7,1105.9
Sabaneta Centro,0.0,0.0,0.0,0.0,0.0,0.0,0.0,0.0,0.0,0.0,0.0,0.0,0.0,0.0,0.0,0.0,0.0,0.0,0.0,0.0,0.0,0.0,0.0,0.0,0.0,0.0,0.0,0.0,0.0,0.0,0.0,0.0,0.0,0.0,0.0,0.0,0.0,0.0,0.0,0.0,0.0,0.0,0.0,0.0,0.0,0.0,0.0,0.0,0.0,0.0,0.0,0.0,0.0,0.0,0.0,0.0,0.0,0.0,0.0,0.0,0.0,0.0,0.0,0.0,0.0,0.0,0.0,0.0,0.0,0.0,0.0,0.0,0.0,0.0,0.0,0.0,0.0,0.0,0.0,0.0,0.0,0.0,0.0,0.0,0.0,0.0,0.0,0.0,0.0,715.4,421.0,560.8,1100.0,2585.5,2585.5,3017.7,3222.0,3465.2,4020.1,4094.5,3585.3,3853.7,4524.0,4020.6,4010.4,23133.9,23109.4,2122.9,1367.1
Aves María,0.0,0.0,0.0,0.0,0.0,0.0,0.0,0.0,0.0,0.0,0.0,0.0,0.0,0.0,0.0,0.0,0.0,0.0,0.0,0.0,0.0,0.0,0.0,0.0,0.0,0.0,0.0,0.0,0.0,0.0,0.0,0.0,0.0,0.0,0.0,0.0,0.0,0.0,0.0,0.0,0.0,0.0,0.0,0.0,0.0,0.0,0.0,0.0,0.0,0.0,0.0,0.0,0.0,0.0,0.0,0.0,0.0,0.0,0.0,0.0,0.0,0.0,0.0,0.0,0.0,0.0,0.0,0.0,0.0,0.0,0.0,0.0,0.0,0.0,0.0,0.0,0.0,0.0,0.0,0.0,0.0,0.0,0.0,0.0,0.0,0.0,0.0,0.0,0.0,0.0,333.9,724.0,1168.1,2748.6,2748.6,3180.9,3385.2,3628.4,4183.2,4257.7,3748.5,4016.9,4687.1,4183.8,4173.5,23297.0,23272.6,2191.0,1435.0
Biblioteca Sabaneta,0.0,0.0,0.0,0.0,0.0,0.0,0.0,0.0,0.0,0.0,0.0,0.0,0.0,0.0,0.0,0.0,0.0,0.0,0.0,0.0,0.0,0.0,0.0,0.0,0.0,0.0,0.0,0.0,0.0,0.0,0.0,0.0,0.0,0.0,0.0,0.0,0.0,0.0,0.0,0.0,0.0,0.0,0.0,0.0,0.0,0.0,0.0,0.0,0.0,0.0,0.0,0.0,0.0,0.0,0.0,0.0,0.0,0.0,0.0,0.0,0.0,0.0,0.0,0.0,0.0,0.0,0.0,0.0,0.0,0.0,0.0,0.0,0.0,0.0,0.0,0.0,0.0,0.0,0.0,0.0,0.0,0.0,0.0,0.0,0.0,0.0,0.0,0.0,0.0,0.0,0.0,1314.9,980.7,3101.4,3101.4,3535.1,3677.5,3808.6,4363.5,4437.9,3967.7,4197.1,4894.7,4499.1,4488.9,23651.3,23626.8,2028.2,1220.7
Parque 4 Elementos,0.0,0.0,0.0,0.0,0.0,0.0,0.0,0.0,0.0,0.0,0.0,0.0,0.0,0.0,0.0,0.0,0.0,0.0,0.0,0.0,0.0,0.0,0.0,0.0,0.0,0.0,0.0,0.0,0.0,0.0,0.0,0.0,0.0,0.0,0.0,0.0,0.0,0.0,0.0,0.0,0.0,0.0,0.0,0.0,0.0,0.0,0.0,0.0,0.0,0.0,0.0,0.0,0.0,0.0,0.0,0.0,0.0,0.0,0.0,0.0,0.0,0.0,0.0,0.0,0.0,0.0,0.0,0.0,0.0,0.0,0.0,0.0,0.0,0.0,0.0,0.0,0.0,0.0,0.0,0.0,0.0,0.0,0.0,0.0,0.0,0.0,0.0,0.0,0.0,0.0,0.0,0.0,1547.4,2105.0,2105.0,2537.2,2741.5,3125.9,3648.6,3614.3,3104.8,3408.4,4043.5,3540.1,3529.9,22653.4,22628.9,2570.2,1814.5
Puente de la 77 Sur,0.0,0.0,0.0,0.0,0.0,0.0,0.0,0.0,0.0,0.0,0.0,0.0,0.0,0.0,0.0,0.0,0.0,0.0,0.0,0.0,0.0,0.0,0.0,0.0,0.0,0.0,0.0,0.0,0.0,0.0,0.0,0.0,0.0,0.0,0.0,0.0,0.0,0.0,0.0,0.0,0.0,0.0,0.0,0.0,0.0,0.0,0.0,0.0,0.0,0.0,0.0,0.0,0.0,0.0,0.0,0.0,0.0,0.0,0.0,0.0,0.0,0.0,0.0,0.0,0.0,0.0,0.0,0.0,0.0,0.0,0.0,0.0,0.0,0.0,0.0,0.0,0.0,0.0,0.0,0.0,0.0,0.0,0.0,0.0,0.0,0.0,0.0,0.0,0.0,0.0,0.0,0.0,0.0,3341.9,3341.9,3778.6,3918.0,4030.2,4525.6,4600.1,4208.2,4359.3,5107.6,4739.6,4729.4,23894.8,23870.3,1053.9,743.0
Metro Itaguí I,0.0,0.0,0.0,0.0,0.0,0.0,0.0,0.0,0.0,0.0,0.0,0.0,0.0,0.0,0.0,0.0,0.0,0.0,0.0,0.0,0.0,0.0,0.0,0.0,0.0,0.0,0.0,0.0,0.0,0.0,0.0,0.0,0.0,0.0,0.0,0.0,0.0,0.0,0.0,0.0,0.0,0.0,0.0,0.0,0.0,0.0,0.0,0.0,0.0,0.0,0.0,0.0,0.0,0.0,0.0,0.0,0.0,0.0,0.0,0.0,0.0,0.0,0.0,0.0,0.0,0.0,0.0,0.0,0.0,0.0,0.0,0.0,0.0,0.0,0.0,0.0,0.0,0.0,0.0,0.0,0.0,0.0,0.0,0.0,0.0,0.0,0.0,0.0,0.0,0.0,0.0,0.0,0.0,0.0,,534.1,738.5,1134.8,1645.5,1611.3,1101.7,1405.3,2040.4,1793.6,1736.9,20830.3,20805.9,3080.3,2940.6
Metro Itaguí II,0.0,0.0,0.0,0.0,0.0,0.0,0.0,0.0,0.0,0.0,0.0,0.0,0.0,0.0,0.0,0.0,0.0,0.0,0.0,0.0,0.0,0.0,0.0,0.0,0.0,0.0,0.0,0.0,0.0,0.0,0.0,0.0,0.0,0.0,0.0,0.0,0.0,0.0,0.0,0.0,0.0,0.0,0.0,0.0,0.0,0.0,0.0,0.0,0.0,0.0,0.0,0.0,0.0,0.0,0.0,0.0,0.0,0.0,0.0,0.0,0.0,0.0,0.0,0.0,0.0,0.0,0.0,0.0,0.0,0.0,0.0,0.0,0.0,0.0,0.0,0.0,0.0,0.0,0.0,0.0,0.0,0.0,0.0,0.0,0.0,0.0,0.0,0.0,0.0,0.0,0.0,0.0,0.0,0.0,0.0,534.1,738.5,1134.8,1645.5,1611.3,1101.7,1405.3,2040.4,1793.6,1736.9,20830.3,20805.9,3080.3,2940.6
Bahía Ciclovia,0.0,0.0,0.0,0.0,0.0,0.0,0.0,0.0,0.0,0.0,0.0,0.0,0.0,0.0,0.0,0.0,0.0,0.0,0.0,0.0,0.0,0.0,0.0,0.0,0.0,0.0,0.0,0.0,0.0,0.0,0.0,0.0,0.0,0.0,0.0,0.0,0.0,0.0,0.0,0.0,0.0,0.0,0.0,0.0,0.0,0.0,0.0,0.0,0.0,0.0,0.0,0.0,0.0,0.0,0.0,0.0,0.0,0.0,0.0,0.0,0.0,0.0,0.0,0.0,0.0,0.0,0.0,0.0,0.0,0.0,0.0,0.0,0.0,0.0,0.0,0.0,0.0,0.0,0.0,0.0,0.0,0.0,0.0,0.0,0.0,0.0,0.0,0.0,0.0,0.0,0.0,0.0,0.0,0.0,0.0,0.0,314.3,718.9,1219.4,1185.2,675.7,979.2,1614.3,1367.5,1310.8,20404.2,20379.8,3062.4,2922.6
Ideas,0.0,0.0,0.0,0.0,0.0,0.0,0.0,0.0,0.0,0.0,0.0,0.0,0.0,0.0,0.0,0.0,0.0,0.0,0.0,0.0,0.0,0.0,0.0,0.0,0.0,0.0,0.0,0.0,0.0,0.0,0.0,0.0,0.0,0.0,0.0,0.0,0.0,0.0,0.0,0.0,0.0,0.0,0.0,0.0,0.0,0.0,0.0,0.0,0.0,0.0,0.0,0.0,0.0,0.0,0.0,0.0,0.0,0.0,0.0,0.0,0.0,0.0,0.0,0.0,0.0,0.0,0.0,0.0,0.0,0.0,0.0,0.0,0.0,0.0,0.0,0.0,0.0,0.0,0.0,0.0,0.0,0.0,0.0,0.0,0.0,0.0,0.0,0.0,0.0,0.0,0.0,0.0,0.0,0.0,0.0,0.0,0.0,409.9,941.2,938.7,397.5,732.7,1367.8,1361.9,1305.2,20157.7,20133.2,3068.7,2965.3
Parque Itaguí,0.0,0.0,0.0,0.0,0.0,0.0,0.0,0.0,0.0,0.0,0.0,0.0,0.0,0.0,0.0,0.0,0.0,0.0,0.0,0.0,0.0,0.0,0.0,0.0,0.0,0.0,0.0,0.0,0.0,0.0,0.0,0.0,0.0,0.0,0.0,0.0,0.0,0.0,0.0,0.0,0.0,0.0,0.0,0.0,0.0,0.0,0.0,0.0,0.0,0.0,0.0,0.0,0.0,0.0,0.0,0.0,0.0,0.0,0.0,0.0,0.0,0.0,0.0,0.0,0.0,0.0,0.0,0.0,0.0,0.0,0.0,0.0,0.0,0.0,0.0,0.0,0.0,0.0,0.0,0.0,0.0,0.0,0.0,0.0,0.0,0.0,0.0,0.0,0.0,0.0,0.0,0.0,0.0,0.0,0.0,0.0,0.0,0.0,554.9,629.3,700.0,388.5,1136.5,1656.1,1552.4,19926.4,19901.9,2875.5,3354.9
Metróplus Cami,0.0,0.0,0.0,0.0,0.0,0.0,0.0,0.0,0.0,0.0,0.0,0.0,0.0,0.0,0.0,0.0,0.0,0.0,0.0,0.0,0.0,0.0,0.0,0.0,0.0,0.0,0.0,0.0,0.0,0.0,0.0,0.0,0.0,0.0,0.0,0.0,0.0,0.0,0.0,0.0,0.0,0.0,0.0,0.0,0.0,0.0,0.0,0.0,0.0,0.0,0.0,0.0,0.0,0.0,0.0,0.0,0.0,0.0,0.0,0.0,0.0,0.0,0.0,0.0,0.0,0.0,0.0,0.0,0.0,0.0,0.0,0.0,0.0,0.0,0.0,0.0,0.0,0.0,0.0,0.0,0.0,0.0,0.0,0.0,0.0,0.0,0.0,0.0,0.0,0.0,0.0,0.0,0.0,0.0,0.0,0.0,0.0,0.0,0.0,467.3,837.7,457.7,1056.0,1600.2,1496.6,19857.8,19833.3,3140.2,3680.6
Doña María,0.0,0.0,0.0,0.0,0.0,0.0,0.0,0.0,0.0,0.0,0.0,0.0,0.0,0.0,0.0,0.0,0.0,0.0,0.0,0.0,0.0,0.0,0.0,0.0,0.0,0.0,0.0,0.0,0.0,0.0,0.0,0.0,0.0,0.0,0.0,0.0,0.0,0.0,0.0,0.0,0.0,0.0,0.0,0.0,0.0,0.0,0.0,0.0,0.0,0.0,0.0,0.0,0.0,0.0,0.0,0.0,0.0,0.0,0.0,0.0,0.0,0.0,0.0,0.0,0.0,0.0,0.0,0.0,0.0,0.0,0.0,0.0,0.0,0.0,0.0,0.0,0.0,0.0,0.0,0.0,0.0,0.0,0.0,0.0,0.0,0.0,0.0,0.0,0.0,0.0,0.0,0.0,0.0,0.0,0.0,0.0,0.0,0.0,0.0,0.0,813.7,369.9,588.8,1133.0,1029.3,19390.5,19366.1,3521.0,4012.7
Los Naranjos,0.0,0.0,0.0,0.0,0.0,0.0,0.0,0.0,0.0,0.0,0.0,0.0,0.0,0.0,0.0,0.0,0.0,0.0,0.0,0.0,0.0,0.0,0.0,0.0,0.0,0.0,0.0,0.0,0.0,0.0,0.0,0.0,0.0,0.0,0.0,0.0,0.0,0.0,0.0,0.0,0.0,0.0,0.0,0.0,0.0,0.0,0.0,0.0,0.0,0.0,0.0,0.0,0.0,0.0,0.0,0.0,0.0,0.0,0.0,0.0,0.0,0.0,0.0,0.0,0.0,0.0,0.0,0.0,0.0,0.0,0.0,0.0,0.0,0.0,0.0,0.0,0.0,0.0,0.0,0.0,0.0,0.0,0.0,0.0,0.0,0.0,0.0,0.0,0.0,0.0,0.0,0.0,0.0,0.0,0.0,0.0,0.0,0.0,0.0,0.0,0.0,377.4,1019.9,1533.4,1429.8,19809.9,19785.4,3104.7,3382.0
Villa Paula,0.0,0.0,0.0,0.0,0.0,0.0,0.0,0.0,0.0,0.0,0.0,0.0,0.0,0.0,0.0,0.0,0.0,0.0,0.0,0.0,0.0,0.0,0.0,0.0,0.0,0.0,0.0,0.0,0.0,0.0,0.0,0.0,0.0,0.0,0.0,0.0,0.0,0.0,0.0,0.0,0.0,0.0,0.0,0.0,0.0,0.0,0.0,0.0,0.0,0.0,0.0,0.0,0.0,0.0,0.0,0.0,0.0,0.0,0.0,0.0,0.0,0.0,0.0,0.0,0.0,0.0,0.0,0.0,0.0,0.0,0.0,0.0,0.0,0.0,0.0,0.0,0.0,0.0,0.0,0.0,0.0,0.0,0.0,0.0,0.0,0.0,0.0,0.0,0.0,0.0,0.0,0.0,0.0,0.0,0.0,0.0,0.0,0.0,0.0,0.0,0.0,0.0,829.6,1373.8,1270.1,19631.4,19606.9,3338.4,3878.8
Parque el Artista,0.0,0.0,0.0,0.0,0.0,0.0,0.0,0.0,0.0,0.0,0.0,0.0,0.0,0.0,0.0,0.0,0.0,0.0,0.0,0.0,0.0,0.0,0.0,0.0,0.0,0.0,0.0,0.0,0.0,0.0,0.0,0.0,0.0,0.0,0.0,0.0,0.0,0.0,0.0,0.0,0.0,0.0,0.0,0.0,0.0,0.0,0.0,0.0,0.0,0.0,0.0,0.0,0.0,0.0,0.0,0.0,0.0,0.0,0.0,0.0,0.0,0.0,0.0,0.0,0.0,0.0,0.0,0.0,0.0,0.0,0.0,0.0,0.0,0.0,0.0,0.0,0.0,0.0,0.0,0.0,0.0,0.0,0.0,0.0,0.0,0.0,0.0,0.0,0.0,0.0,0.0,0.0,0.0,0.0,0.0,0.0,0.0,0.0,0.0,0.0,0.0,0.0,0.0,828.7,882.4,18830.9,18806.4,3931.5,4374.1
Puente pan de Queso I,0.0,0.0,0.0,0.0,0.0,0.0,0.0,0.0,0.0,0.0,0.0,0.0,0.0,0.0,0.0,0.0,0.0,0.0,0.0,0.0,0.0,0.0,0.0,0.0,0.0,0.0,0.0,0.0,0.0,0.0,0.0,0.0,0.0,0.0,0.0,0.0,0.0,0.0,0.0,0.0,0.0,0.0,0.0,0.0,0.0,0.0,0.0,0.0,0.0,0.0,0.0,0.0,0.0,0.0,0.0,0.0,0.0,0.0,0.0,0.0,0.0,0.0,0.0,0.0,0.0,0.0,0.0,0.0,0.0,0.0,0.0,0.0,0.0,0.0,0.0,0.0,0.0,0.0,0.0,0.0,0.0,0.0,0.0,0.0,0.0,0.0,0.0,0.0,0.0,0.0,0.0,0.0,0.0,0.0,0.0,0.0,0.0,0.0,0.0,0.0,0.0,0.0,0.0,0.0,103.6,19397.8,19373.3,4179.1,4042.5
Puente pan de Queso II,0.0,0.0,0.0,0.0,0.0,0.0,0.0,0.0,0.0,0.0,0.0,0.0,0.0,0.0,0.0,0.0,0.0,0.0,0.0,0.0,0.0,0.0,0.0,0.0,0.0,0.0,0.0,0.0,0.0,0.0,0.0,0.0,0.0,0.0,0.0,0.0,0.0,0.0,0.0,0.0,0.0,0.0,0.0,0.0,0.0,0.0,0.0,0.0,0.0,0.0,0.0,0.0,0.0,0.0,0.0,0.0,0.0,0.0,0.0,0.0,0.0,0.0,0.0,0.0,0.0,0.0,0.0,0.0,0.0,0.0,0.0,0.0,0.0,0.0,0.0,0.0,0.0,0.0,0.0,0.0,0.0,0.0,0.0,0.0,0.0,0.0,0.0,0.0,0.0,0.0,0.0,0.0,0.0,0.0,0.0,0.0,0.0,0.0,0.0,0.0,0.0,0.0,0.0,0.0,0.0,19501.4,19476.9,4138.0,4001.5
Metro Bello,0.0,0.0,0.0,0.0,0.0,0.0,0.0,0.0,0.0,0.0,0.0,0.0,0.0,0.0,0.0,0.0,0.0,0.0,0.0,0.0,0.0,0.0,0.0,0.0,0.0,0.0,0.0,0.0,0.0,0.0,0.0,0.0,0.0,0.0,0.0,0.0,0.0,0.0,0.0,0.0,0.0,0.0,0.0,0.0,0.0,0.0,0.0,0.0,0.0,0.0,0.0,0.0,0.0,0.0,0.0,0.0,0.0,0.0,0.0,0.0,0.0,0.0,0.0,0.0,0.0,0.0,0.0,0.0,0.0,0.0,0.0,0.0,0.0,0.0,0.0,0.0,0.0,0.0,0.0,0.0,0.0,0.0,0.0,0.0,0.0,0.0,0.0,0.0,0.0,0.0,0.0,0.0,0.0,0.0,0.0,0.0,0.0,0.0,0.0,0.0,0.0,0.0,0.0,0.0,0.0,0.0,771.9,22941.7,23384.2
Parque Bello,0.0,0.0,0.0,0.0,0.0,0.0,0.0,0.0,0.0,0.0,0.0,0.0,0.0,0.0,0.0,0.0,0.0,0.0,0.0,0.0,0.0,0.0,0.0,0.0,0.0,0.0,0.0,0.0,0.0,0.0,0.0,0.0,0.0,0.0,0.0,0.0,0.0,0.0,0.0,0.0,0.0,0.0,0.0,0.0,0.0,0.0,0.0,0.0,0.0,0.0,0.0,0.0,0.0,0.0,0.0,0.0,0.0,0.0,0.0,0.0,0.0,0.0,0.0,0.0,0.0,0.0,0.0,0.0,0.0,0.0,0.0,0.0,0.0,0.0,0.0,0.0,0.0,0.0,0.0,0.0,0.0,0.0,0.0,0.0,0.0,0.0,0.0,0.0,0.0,0.0,0.0,0.0,0.0,0.0,0.0,0.0,0.0,0.0,0.0,0.0,0.0,0.0,0.0,0.0,0.0,0.0,0.0,22920.1,23362.6
Paraná,0.0,0.0,0.0,0.0,0.0,0.0,0.0,0.0,0.0,0.0,0.0,0.0,0.0,0.0,0.0,0.0,0.0,0.0,0.0,0.0,0.0,0.0,0.0,0.0,0.0,0.0,0.0,0.0,0.0,0.0,0.0,0.0,0.0,0.0,0.0,0.0,0.0,0.0,0.0,0.0,0.0,0.0,0.0,0.0,0.0,0.0,0.0,0.0,0.0,0.0,0.0,0.0,0.0,0.0,0.0,0.0,0.0,0.0,0.0,0.0,0.0,0.0,0.0,0.0,0.0,0.0,0.0,0.0,0.0,0.0,0.0,0.0,0.0,0.0,0.0,0.0,0.0,0.0,0.0,0.0,0.0,0.0,0.0,0.0,0.0,0.0,0.0,0.0,0.0,0.0,0.0,0.0,0.0,0.0,0.0,0.0,0.0,0.0,0.0,0.0,0.0,0.0,0.0,0.0,0.0,0.0,0.0,0.0,966.6
San Cayetano,0.0,0.0,0.0,0.0,0.0,0.0,0.0,0.0,0.0,0.0,0.0,0.0,0.0,0.0,0.0,0.0,0.0,0.0,0.0,0.0,0.0,0.0,0.0,0.0,0.0,0.0,0.0,0.0,0.0,0.0,0.0,0.0,0.0,0.0,0.0,0.0,0.0,0.0,0.0,0.0,0.0,0.0,0.0,0.0,0.0,0.0,0.0,0.0,0.0,0.0,0.0,0.0,0.0,0.0,0.0,0.0,0.0,0.0,0.0,0.0,0.0,0.0,0.0,0.0,0.0,0.0,0.0,0.0,0.0,0.0,0.0,0.0,0.0,0.0,0.0,0.0,0.0,0.0,0.0,0.0,0.0,0.0,0.0,0.0,0.0,0.0,0.0,0.0,0.0,0.0,0.0,0.0,0.0,0.0,0.0,0.0,0.0,0.0,0.0,0.0,0.0,0.0,0.0,0.0,0.0,0.0,0.0,0.0,0.0
